Time,Demolition per municipality["'s-Gravenhage"],Demolition per municipality["'s-Hertogenbosch"],Demolition per municipality[Aa en Hunze],Demolition per municipality[Aalsmeer],Demolition per municipality[Aalten],Demolition per municipality[Achtkarspelen],Demolition per municipality[Alblasserdam],Demolition per municipality[Albrandswaard],Demolition per municipality[Alkmaar],Demolition per municipality[Almelo],Demolition per municipality[Almere],Demolition per municipality[Alphen aan den Rijn],Demolition per municipality["Alphen-Chaam"],Demolition per municipality[Altena],Demolition per municipality[Ameland],Demolition per municipality[Amersfoort],Demolition per municipality[Amstelveen],Demolition per municipality[Amsterdam],Demolition per municipality[Apeldoorn],Demolition per municipality[Appingedam],Demolition per municipality[Arnhem],Demolition per municipality[Assen],Demolition per municipality[Asten],Demolition per municipality["Baarle-Nassau"],Demolition per municipality[Baarn],Demolition per municipality[Barendrecht],Demolition per municipality[Barneveld],Demolition per municipality[Beek],Demolition per municipality[Beekdaelen],Demolition per municipality[Beemster],Demolition per municipality[Beesel],Demolition per municipality[Berg en Dal],Demolition per municipality[Bergeijk],Demolition per municipality["Bergen (L.)"],Demolition per municipality["Bergen (NH.)"],Demolition per municipality[Bergen op Zoom],Demolition per municipality[Berkelland],Demolition per municipality[Bernheze],Demolition per municipality[Best],Demolition per municipality[Beuningen],Demolition per municipality[Beverwijk],Demolition per municipality[Bladel],Demolition per municipality[Blaricum],Demolition per municipality[Bloemendaal],Demolition per municipality["Bodegraven-Reeuwijk"],Demolition per municipality[Boekel],Demolition per municipality["Borger-Odoorn"],Demolition per municipality[Borne],Demolition per municipality[Borsele],Demolition per municipality[Boxmeer],Demolition per municipality[Boxtel],Demolition per municipality[Breda],Demolition per municipality[Brielle],Demolition per municipality[Bronckhorst],Demolition per municipality[Brummen],Demolition per municipality[Brunssum],Demolition per municipality[Bunnik],Demolition per municipality[Bunschoten],Demolition per municipality[Buren],Demolition per municipality[Capelle aan den IJssel],Demolition per municipality[Castricum],Demolition per municipality[Coevorden],Demolition per municipality[Cranendonck],Demolition per municipality[Cuijk],Demolition per municipality[Culemborg],Demolition per municipality[Dalfsen],Demolition per municipality[Dantumadiel],Demolition per municipality[De Bilt],Demolition per municipality[De Fryske Marren],Demolition per municipality[De Ronde Venen],Demolition per municipality[De Wolden],Demolition per municipality[Delft],Demolition per municipality[Delfzijl],Demolition per municipality[Den Helder],Demolition per municipality[Deurne],Demolition per municipality[Deventer],Demolition per municipality[Diemen],Demolition per municipality[Dinkelland],Demolition per municipality[Doesburg],Demolition per municipality[Doetinchem],Demolition per municipality[Dongen],Demolition per municipality[Dordrecht],Demolition per municipality[Drechterland],Demolition per municipality[Drimmelen],Demolition per municipality[Dronten],Demolition per municipality[Druten],Demolition per municipality[Duiven],Demolition per municipality["Echt-Susteren"],Demolition per municipality["Edam-Volendam"],Demolition per municipality[Ede],Demolition per municipality[Eemnes],Demolition per municipality[Eersel],Demolition per municipality["Eijsden-Margraten"],Demolition per municipality[Eindhoven],Demolition per municipality[Elburg],Demolition per municipality[Emmen],Demolition per municipality[Enkhuizen],Demolition per municipality[Enschede],Demolition per municipality[Epe],Demolition per municipality[Ermelo],Demolition per municipality["Etten-Leur"],Demolition per municipality[Geertruidenberg],Demolition per municipality["Geldrop-Mierlo"],Demolition per municipality["Gemert-Bakel"],Demolition per municipality[Gennep],Demolition per municipality[Gilze en Rijen],Demolition per municipality["Goeree-Overflakkee"],Demolition per municipality[Goes],Demolition per municipality[Goirle],Demolition per municipality[Gooise Meren],Demolition per municipality[Gorinchem],Demolition per municipality[Gouda],Demolition per municipality[Grave],Demolition per municipality[Groningen],Demolition per municipality["Gulpen-Wittem"],Demolition per municipality[Haaksbergen],Demolition per municipality[Haaren],Demolition per municipality[Haarlem],Demolition per municipality[Haarlemmermeer],Demolition per municipality[Halderberge],Demolition per municipality[Hardenberg],Demolition per municipality[Harderwijk],Demolition per municipality["Hardinxveld-Giessendam"],Demolition per municipality[Harlingen],Demolition per municipality[Hattem],Demolition per municipality[Heemskerk],Demolition per municipality[Heemstede],Demolition per municipality[Heerde],Demolition per municipality[Heerenveen],Demolition per municipality[Heerhugowaard],Demolition per municipality[Heerlen],Demolition per municipality["Heeze-Leende"],Demolition per municipality[Heiloo],Demolition per municipality[Hellendoorn],Demolition per municipality[Hellevoetsluis],Demolition per municipality[Helmond],Demolition per municipality["Hendrik-Ido-Ambacht"],Demolition per municipality[Hengelo],Demolition per municipality[Het Hogeland],Demolition per municipality[Heumen],Demolition per municipality[Heusden],Demolition per municipality[Hillegom],Demolition per municipality[Hilvarenbeek],Demolition per municipality[Hilversum],Demolition per municipality[Hoeksche Waard],Demolition per municipality[Hof van Twente],Demolition per municipality[Hollands Kroon],Demolition per municipality[Hoogeveen],Demolition per municipality[Hoorn],Demolition per municipality[Horst aan de Maas],Demolition per municipality[Houten],Demolition per municipality[Huizen],Demolition per municipality[Hulst],Demolition per municipality[IJsselstein],Demolition per municipality[Kaag en Braassem],Demolition per municipality[Kampen],Demolition per municipality[Kapelle],Demolition per municipality[Katwijk],Demolition per municipality[Kerkrade],Demolition per municipality[Koggenland],Demolition per municipality[Krimpen aan den IJssel],Demolition per municipality[Krimpenerwaard],Demolition per municipality[Laarbeek],Demolition per municipality[Landerd],Demolition per municipality[Landgraaf],Demolition per municipality[Landsmeer],Demolition per municipality[Langedijk],Demolition per municipality[Lansingerland],Demolition per municipality[Laren],Demolition per municipality[Leeuwarden],Demolition per municipality[Leiden],Demolition per municipality[Leiderdorp],Demolition per municipality["Leidschendam-Voorburg"],Demolition per municipality[Lelystad],Demolition per municipality[Leudal],Demolition per municipality[Leusden],Demolition per municipality[Lingewaard],Demolition per municipality[Lisse],Demolition per municipality[Lochem],Demolition per municipality[Loon op Zand],Demolition per municipality[Lopik],Demolition per municipality[Loppersum],Demolition per municipality[Losser],Demolition per municipality[Maasdriel],Demolition per municipality[Maasgouw],Demolition per municipality[Maassluis],Demolition per municipality[Maastricht],Demolition per municipality[Medemblik],Demolition per municipality[Meerssen],Demolition per municipality[Meierijstad],Demolition per municipality[Meppel],Demolition per municipality[Middelburg],Demolition per municipality["Midden-Delfland"],Demolition per municipality["Midden-Drenthe"],Demolition per municipality["Midden-Groningen"],Demolition per municipality[Mill en Sint Hubert],Demolition per municipality[Moerdijk],Demolition per municipality[Molenlanden],Demolition per municipality[Montferland],Demolition per municipality[Montfoort],Demolition per municipality[Mook en Middelaar],Demolition per municipality["Neder-Betuwe"],Demolition per municipality[Nederweert],Demolition per municipality[Nieuwegein],Demolition per municipality[Nieuwkoop],Demolition per municipality[Nijkerk],Demolition per municipality[Nijmegen],Demolition per municipality[Nissewaard],Demolition per municipality["Noardeast-Fryslan"],Demolition per municipality["Noord-Beveland"],Demolition per municipality[Noordenveld],Demolition per municipality[Noordoostpolder],Demolition per municipality[Noordwijk],Demolition per municipality[Nuenen Gerwen en Nederwetten],Demolition per municipality[Nunspeet],Demolition per municipality[Oegstgeest],Demolition per municipality[Oirschot],Demolition per municipality[Oisterwijk],Demolition per municipality[Oldambt],Demolition per municipality[Oldebroek],Demolition per municipality[Oldenzaal],Demolition per municipality["Olst-Wijhe"],Demolition per municipality[Ommen],Demolition per municipality[Oost Gelre],Demolition per municipality[Oosterhout],Demolition per municipality[Ooststellingwerf],Demolition per municipality[Oostzaan],Demolition per municipality[Opmeer],Demolition per municipality[Opsterland],Demolition per municipality[Oss],Demolition per municipality[Oude IJsselstreek],Demolition per municipality["Ouder-Amstel"],Demolition per municipality[Oudewater],Demolition per municipality[Overbetuwe],Demolition per municipality[Papendrecht],Demolition per municipality[Peel en Maas],Demolition per municipality[Pekela],Demolition per municipality["Pijnacker-Nootdorp"],Demolition per municipality[Purmerend],Demolition per municipality[Putten],Demolition per municipality[Raalte],Demolition per municipality[Reimerswaal],Demolition per municipality[Renkum],Demolition per municipality[Renswoude],Demolition per municipality["Reusel-De Mierden"],Demolition per municipality[Rheden],Demolition per municipality[Rhenen],Demolition per municipality[Ridderkerk],Demolition per municipality["Rijssen-Holten"],Demolition per municipality[Rijswijk],Demolition per municipality[Roerdalen],Demolition per municipality[Roermond],Demolition per municipality[Roosendaal],Demolition per municipality[Rotterdam],Demolition per municipality[Rozendaal],Demolition per municipality[Rucphen],Demolition per municipality[Schagen],Demolition per municipality[Scherpenzeel],Demolition per municipality[Schiedam],Demolition per municipality[Schiermonnikoog],Demolition per municipality["Schouwen-Duiveland"],Demolition per municipality[Simpelveld],Demolition per municipality[Sint Anthonis],Demolition per municipality["Sint-Michielsgestel"],Demolition per municipality["Sittard-Geleen"],Demolition per municipality[Sliedrecht],Demolition per municipality[Sluis],Demolition per municipality[Smallingerland],Demolition per municipality[Soest],Demolition per municipality[Someren],Demolition per municipality[Son en Breugel],Demolition per municipality[Stadskanaal],Demolition per municipality[Staphorst],Demolition per municipality[Stede Broec],Demolition per municipality[Steenbergen],Demolition per municipality[Steenwijkerland],Demolition per municipality[Stein],Demolition per municipality[Stichtse Vecht],Demolition per municipality["Sudwest-Fryslan"],Demolition per municipality[Terneuzen],Demolition per municipality[Terschelling],Demolition per municipality[Texel],Demolition per municipality[Teylingen],Demolition per municipality[Tholen],Demolition per municipality[Tiel],Demolition per municipality[Tilburg],Demolition per municipality[Tubbergen],Demolition per municipality[Twenterand],Demolition per municipality[Tynaarlo],Demolition per municipality[Tytsjerksteradiel],Demolition per municipality[Uden],Demolition per municipality[Uitgeest],Demolition per municipality[Uithoorn],Demolition per municipality[Urk],Demolition per municipality[Utrecht],Demolition per municipality[Utrechtse Heuvelrug],Demolition per municipality[Vaals],Demolition per municipality[Valkenburg aan de Geul],Demolition per municipality[Valkenswaard],Demolition per municipality[Veendam],Demolition per municipality[Veenendaal],Demolition per municipality[Veere],Demolition per municipality[Veldhoven],Demolition per municipality[Velsen],Demolition per municipality[Venlo],Demolition per municipality[Venray],Demolition per municipality[Vijfheerenlanden],Demolition per municipality[Vlaardingen],Demolition per municipality[Vlieland],Demolition per municipality[Vlissingen],Demolition per municipality[Voerendaal],Demolition per municipality[Voorschoten],Demolition per municipality[Voorst],Demolition per municipality[Vught],Demolition per municipality[Waadhoeke],Demolition per municipality[Waalre],Demolition per municipality[Waalwijk],Demolition per municipality[Waddinxveen],Demolition per municipality[Wageningen],Demolition per municipality[Wassenaar],Demolition per municipality[Waterland],Demolition per municipality[Weert],Demolition per municipality[Weesp],Demolition per municipality[West Betuwe],Demolition per municipality[West Maas en Waal],Demolition per municipality[Westerkwartier],Demolition per municipality[Westerveld],Demolition per municipality[Westervoort],Demolition per municipality[Westerwolde],Demolition per municipality[Westland],Demolition per municipality[Weststellingwerf],Demolition per municipality[Westvoorne],Demolition per municipality[Wierden],Demolition per municipality[Wijchen],Demolition per municipality[Wijdemeren],Demolition per municipality[Wijk bij Duurstede],Demolition per municipality[Winterswijk],Demolition per municipality[Woensdrecht],Demolition per municipality[Woerden],Demolition per municipality[Wormerland],Demolition per municipality[Woudenberg],Demolition per municipality[Zaanstad],Demolition per municipality[Zaltbommel],Demolition per municipality[Zandvoort],Demolition per municipality[Zeewolde],Demolition per municipality[Zeist],Demolition per municipality[Zevenaar],Demolition per municipality[Zoetermeer],Demolition per municipality[Zoeterwoude],Demolition per municipality[Zuidplas],Demolition per municipality[Zundert],Demolition per municipality[Zutphen],Demolition per municipality[Zwartewaterland],Demolition per municipality[Zwijndrecht],Demolition per municipality[Zwolle]
2020,0,0,0,0,97.1781,149.741,13.8812,14.3006,0,48.7146,0,0,33.7602,0,2.14451,0,0,0,0,93.5963,0,63.9477,0,0,38.0295,0,157.968,1.29056,66.0342,0,0,0,14.9347,1.83578,319.71,0,79.7611,26.3812,0,0,29.884,37.8138,44.8228,0,55.1109,9.17885,5.58543,33.527,35.2977,0,0,0,35.7316,123.897,28.9564,102.464,0,54.4554,0,0,3.58146,0,0,44.7309,0,77.9294,87.1617,0,214.011,0,0,0,89.6038,126.841,0,0,16.028,161.837,0,0,0,0,35.4481,0,0,58.5676,0,0,24.1244,0,25.0998,43.0618,23.4801,0,42.0107,0,42.9202,0,34.7148,0,0,24.9177,0,0,0,0,135.811,168.616,3.49532,160.849,169.056,0,0,0,54.0167,16.8726,0,0,0,0,32.5742,0,97.124,67.1808,59.3741,0,81.1637,58.5565,118.902,0,0,0,8.02753,0,0,0,0,183.088,273.181,0,68.7985,0,76.698,0,86.4976,9.45919,26.0562,72.63,0,0,30.2074,30.0007,187.82,0,31.1524,50.1471,24.0875,0,155.539,0,0,0,0,0,0,0,0,84.7164,50.1876,0,0,0,0,0,0,0,0,13.4076,0,29.4648,19.5633,97.7561,34.9794,0,0,54.3395,0,0,0,0,98.3071,70.4382,33.7316,0,0,0,67.2567,64.3926,11.1286,0,0,0,22.8631,0,0,0,0,0,306.3,284.619,194.952,60.9762,0,21.8835,0,0,80.9283,0,23.3807,0,108.237,5.91562,0,26.3295,0,0,0,0,54.5525,0,0,0,0,18.4997,9.77826,0,37.0057,2.02446,0,0,0,15.2148,0,39.6095,0,0,0,0,63.5467,227.016,0,0,0,0,2.26046,0,0,5.97854,0,18.4376,373.625,74.1335,14.6064,0,64.32,32.1129,838.315,11.9434,0,0,0,113.398,0,0,0,168.524,21.427,155.876,544.75,248.503,0,33.3958,60.3501,97.0243,0,0,129.677,115.098,0,102.379,31.5233,5.90867,0,101.438,0,0,73.4518,39.5279,48.0263,0,51.2614,444.387,0,0,0,0,175.408,144.051,0,9.76265,49.3429,20.0742,62.7938,0,160.529,62.3384,0,114.205,0,155.897,0,0,26.0639,45.9744,0,161.414,0,0,42.4513,0,30.6653,54.9919,64.1692,20.819,0,5.15918,0.674156,35.612,0,0,20.505,0,0,314.021,0,0,35.723,0,0,130.311,0,0,95.89,10.3921,0
2021,0,0,0,0,69.8379,105.55,4.30714,5.49063,0,25.0684,0,0,14.0893,0,1.02832,0,0,0,0,60.1359,0,40.4737,0,0,28.1998,0,45.825,1.20822,50.6778,0,0,0,6.15586,1.74127,227.894,0,57.9794,2.78148,0,0,0,24.5264,27.8826,0,11.4167,3.42708,6.06701,16.7052,24.9196,0,0,0,11.9939,88.7584,21.6203,73.6576,0,16.4765,0,0,0,0,0,15.5479,0,37.7901,61.9738,0,147.055,0,0,0,63.3327,89.5909,0,0,0,114.632,0,0,0,0,22.3127,0,0,29.2949,0,0,15.9585,0,13.7736,25.6337,17.9998,0,12.1471,0,20.8019,0,21.8012,0,0,10.223,0,0,0,0,80.6363,80.5393,2.03883,90.7503,102.966,0,0,0,38.7887,12.7259,0,0,0,0,0,0,55.0567,48.5876,39.3022,0,61.2097,39.436,75.7491,0,0,0,0,0,0,0,0,121.702,196.664,0,0,0,48.5287,0,62.5915,7.81754,0,46.0843,0,0,18.4087,7.10591,132.13,0,0,0,11.3338,0,110.83,0,0,0,0,0,0,0,0,0,32.9144,0,0,0,0,0,0,0,0,0.618891,1.11499,17.8888,11.5358,69.3167,25.6442,0,0,0,0,0,0,0,57.7993,45.718,17.8324,0,0,0,41.1041,41.9171,9.23275,0,0,0,13.8718,0,0,0,0,0,217.086,203.533,101.029,14.0754,0,0.128566,0,0,52.2727,0,17.5621,0,77.1346,4.63208,0,18.6532,0,0,0,0,39.2445,0,0,0,0,0,5.70403,0,26.3938,0,0,0,0,0,0,23.0487,0,0,0,0,37.7904,50.4174,0,0,0,0,1.56434,0,0,0,0,13.1299,268.549,52.9954,10.5359,0,45.6647,3.37997,599.382,2.70318,0,0,0,81.8335,0,0,0,106.762,16.634,94.9675,364.466,178.865,0,24.8727,37.1696,64.557,0,0,91.2875,79.9752,0,71.7328,2.27795,1.9493,0,53.0959,0,0,44.6558,28.7425,34.225,0,0,317.449,0,0,0,0,119.676,49.2019,0,4.37363,35.0933,15.1544,38.561,0,114.446,44.5317,0,11.7774,0,87.5909,0,0,0,30.808,0,114.246,0,0,32.5906,0,20.32,37.1744,23.4229,14.2837,0,0,0,26.1495,0,0,0,0,0,220.04,0,0,1.13368,0,0,0.0994945,0,0,62.9918,0,0
2022,0,0,0,0,50.8093,74.5164,0,3.14167,0,8.78625,0,0,10.1805,0,0,0,0,0,0,43.4418,0,20.0452,0,0,21.6074,0,0,1.41845,40.3594,0,0,0,3.61066,2.05782,166.519,0,43.1512,0,0,0,0,16.1909,11.6906,0,0,0.628777,6.53774,0.170731,17.6477,0,0,0,0,64.7802,17.3381,53.4043,0,0,0,0,0,0,0,7.41105,0,9.53463,44.2404,0,106.546,0,0,0,45.6149,64.1606,0,0,0,81.3577,0,0,0,0,15.4854,0,0,14.4608,0,0,10.6054,0,6.66016,18.6465,14.5506,0,0,0,5.91492,0,10.6141,0,0,6.57725,0,0,0,0,41.5964,28.7316,0,20.2786,52.5473,0,0,0,27.7765,10.0544,0,0,0,0,0,0,29.2847,35.6861,25.7926,0,45.6638,28.0788,48.8919,0,0,0,0,0,0,0,0,78.4986,142.736,0,0,0,31.2545,0,46.6786,7.16498,0,29.2383,0,0,10.4247,7.40182,97.2358,0,0,0,4.12635,0,80.0895,0,0,0,0,0,0,0,0,0,24.0037,0,0,0,0,0,0,0,0,0.418305,6.1392,5.60178,6.88883,49.2324,19.1404,0,0,0,0,0,0,0,27.5982,26.4538,5.78172,0,0,0.23633,29.638,26.052,8.5367,0,0,0,10.3229,0,0,0,0,0,153.938,146.054,77.0219,0,0,0,0,0,35.4709,0,14.0187,0,55.3825,3.89883,0,13.5151,0,0,0,0,28.7101,0,0,0,0,0,3.13286,0,19.0471,0,0,0,0,0,0,11.8156,0,0,0,0,22.9728,0,0,0,0,0,1.3845,0,0,0,0,9.4298,193.708,37.8187,6.11682,0,34.2698,0,429.681,0,0,0,0,59.7331,0,0,0,76.3427,13.239,63.5413,233.204,130.18,0,18.8179,16.6677,43.9637,0,0,64.4027,54.9564,0,51.9961,0,0.341,0,19.6363,0,0,32.7631,20.8555,25.9164,0,0,227.303,0,0,0,0,80.6044,1.57921,0,0,25.1192,10.3934,26.0856,0,82.2914,25.843,0,0,0,65.0573,0,0,0,20.4012,0,81.2587,0,0,25.8681,0,7.70432,23.2487,5.65408,10.5567,0,0,0,19.7282,0,0,0,0,0,153.021,0,0,0,0,0,0,0,0,42.1316,0,0
2023,0,0,0,0,37.4087,52.62,0,1.69778,0,0,0,0,7.49256,0,0,0,0,0,0,31.6754,0,6.1779,0,0,17.1567,0,0,1.74588,33.457,0,0,0,1.92899,2.39504,123.101,0,32.9683,0,0,0,0,10.4137,0.288891,0,0,0,7.07837,0,12.6134,0,0,0,0,48.0533,14.4616,39.3293,0,0,0,0,0,0,0,1.91124,0,0,31.7577,2.26418,77.9498,0,0.451824,0,33.2854,46.7545,0,0,0,57.8057,0,0,0,0,10.759,0,0,4.09098,0,0,7.1208,0,1.67828,13.8544,12.3546,0,0,0,0,0,2.91409,0,0,4.21253,0,0,0,0,14.2368,0,0,0,17.1101,0,0,0,20.076,8.32879,0,0,0,0,0,0,11.0238,26.5867,16.242,0,34.8421,20.1099,30.2208,0,0,0,0,0,0,0,0,48.786,104.668,0,0,0,19.085,0,36.0756,6.98266,0,17.7373,0,0,4.90067,7.8876,72.7467,0,0,0,0,0,58.7248,0,0,0,0,0,0,0,0,0,17.7182,0,0,0,0,0,1.78762,0,0,0.501432,9.60951,0,3.6332,35.0632,14.6508,0,0,0,0,0,0,0,6.45067,13.2876,0,0,0,0.631643,21.8386,14.7558,8.33141,0,0.741019,0,8.00177,0,0,0,0,0,109.164,105.266,60.153,0,0,0,0,0,23.6349,0,11.9192,0,40.1382,3.47717,0,10.0653,0,0,0,0,21.3749,0,0,0,0,0,1.63036,0,13.9759,0,0,0,0,0,3.46204,3.84959,0,0,0,0,12.4646,0,0,0,0,0,1.25892,0,0,0,0,6.81243,140.77,27.1253,3.03749,0,27.5464,0,309.214,0,0,0,0,44.3208,0,0,0,55.0317,11.1011,41.7465,136.47,96.1962,0,14.6216,2.36451,29.3808,0,0,45.3719,37.234,0,38.1516,0,0,0,0,0,0,24.5011,15.4079,20.3734,0,0,163.346,0,0,0,0,53.1912,0,0,0,18.1465,7.16154,17.3237,0,59.838,12.7092,0,0,0,49.1328,0,0,0,13.1965,0,58.1021,0,0,21.2927,0,0,13.5002,0,8.23401,0,0,0,15.3952,0,0,0,0,0,105.605,0,0,0,0,0,0,0,0,27.3361,0,0
2024,0,0,0,0,27.8806,37.0849,0,0.75715,0,0,0,0,5.61635,0,0,0,0,0,0,23.345,0,0,0,0,14.0792,0,0,2.05969,28.7762,0,0,0,0.774993,2.6784,92.2752,0,25.8495,0,0,0,0,6.36365,0,0,0,0,7.52646,0,9.05349,0,0,0,0,36.28,12.4728,29.4692,0,0,0,0,0,0,0,0,0,0,22.9129,5.65698,57.5723,0,2.12517,0,24.6333,34.7209,0,0,0,41.0544,0,0,0,0,7.43334,0,0,0,0,2.58081,4.77755,0,0,10.5214,10.911,0,0,0,0,0,0,0,0,2.64293,0,0,0,0,0,0,0,0,0,0,0,0,14.6411,7.15098,0,0,0,0,0,0,0,20.1097,9.44444,0,27.2154,14.4516,17.0941,0,0,0,0,0,0,0,0,28.2373,77.6181,1.00951,0,0,10.4679,0,28.7803,6.94462,0,9.74949,0,0,0.897922,8.27973,55.5041,0,0,0,0,0,43.7149,0,0,0,0,0,2.89778,0,0,0,13.2302,0,0,0,0,0,3.97141,0,0,0.662487,12.017,0,1.30478,25.045,11.4849,0,0,0,0,0,0,0,0,4.17085,0,0,0,0.931574,16.443,6.53117,8.2911,0,1.73959,0,6.45966,0,0,0,0,0,77.2383,76.3059,48.1831,0,0,0,0,0,15.2416,0,10.6092,0,29.3506,3.19029,0,7.67104,0,0,0,0,16.1628,0,0,0,0,0,0.708707,0,10.4447,0,0,0,0,0,7.09058,0,0,0,0,0,4.85672,0,0,0,0,0,1.163,0,0,0,0,4.95869,103.218,19.5553,0.856976,0,23.5745,0,223.637,0,0,0,0,33.4815,0,0,0,39.9676,9.70858,26.4351,63.8297,72.3508,0,11.6735,0,18.9545,0,0,31.8353,24.5637,0,28.333,0,0,0,0,0,0,18.7444,11.5873,16.6241,0,0,117.898,0,0,0,0,33.811,0,0,0,13.2343,4.86671,11.0808,0,44.0241,3.42666,0,0,0,37.7561,0,0,0,8.03191,0,41.6161,0,0,18.0942,0,0,6.63578,0,6.7054,0,0,0.615346,12.4236,0,0,0,0,0,72.0205,0,0,0,0,0,0,0,0,16.7576,0,0
2025,0,0,0,0,20.9621,25.923,0,0.0239863,0,0,0,0,4.25674,0,0,0,0,0,0,17.3833,0,0,0,0,11.8174,0,0,2.25885,25.4518,0,0.342949,0,0,2.84842,70.2091,0,20.6505,0,0,0,0,3.43839,0,0,0,0,7.75577,0,6.41628,0,0,0,0,27.8103,10.994,22.4123,0,0,0,0,0,0,0,0,0,0,16.5506,7.70268,42.7621,0,3.13316,0,18.4288,26.1415,0,0,0,29.0136,0,0,0,0,5.00002,0.99741,0,0,0,5.18006,3.04256,0,0,8.11558,9.85211,0,0,0,0,0,0,0,0,1.51344,0,0,0,0,0,0,0,0,0,0,0,0,10.7206,6.22636,0,0,0,0,0,0,0,15.4061,4.5366,0,21.6837,10.3305,7.60752,0,1.29268,0,0,0,0,0,0,13.7263,58.1202,2.49999,0,0,4.29075,0,23.3329,6.80396,0,3.94357,0,0,0,8.35739,43.2448,0,0,0,0,0,32.8849,0,0,0,0,0,4.99194,0,0,0,9.94533,0,0,0,0,0,5.48653,0,0,0.743426,13.4772,0,0,17.917,9.14087,0,3.33963,0,0,0,0.887205,0,0,0,0,0,0,1.10671,12.5383,0.294291,8.16742,0,2.39525,0,5.37005,0,0,0,0,0,54.2115,55.7093,39.5042,0,0,0,0,0,9.19904,0,9.60424,0,21.5474,2.90311,0,5.86725,0,0,0,0,12.2958,0,1.72939,0,0,0,0.00675349,0,7.92646,0,0,0,0,0,9.54079,0,0,0,0,0,0,0,0.508603,0,0,0,1.07855,0,0,0,0,3.64079,76.3988,14.1359,0,0,20.9375,0,162.73,0,0,0,0,25.6952,0,0,0,29.0926,8.68451,15.3417,7.8011,55.3695,0,9.53278,0,11.3563,0,0,22.1054,15.3318,0,21.198,0,0,0,0,0,0,14.688,8.80712,13.9599,0,0,85.4848,0,0,0,0,19.8561,0,0,0,9.70719,3.07713,6.49495,0,32.6511,0,0,0,0,29.4508,0,0,0,4.05877,0,29.5269,0,0,15.7149,0,0,1.72856,0,5.51373,0,0,1.18466,10.2869,0,0,0,0,0,48.1495,0,0,0,0,0,0,0,0,9.07348,0,0
2026,0,0,0.90448,0,15.822,17.7135,0,0,0,0,0,0,2.41429,0,0,0,0,0,0,12.975,0,0,0,0,6.20432,0,0,2.2468,22.9755,0,0.710887,0,0,3.00769,55.7326,0,16.6272,0,0,0,0,1.91009,0,0,0,0,7.85284,0,4.28071,0,0,0,0,21.7699,9.76276,17.2069,0,0,0,0,0,0,0,0,0,0,11.8612,5.90908,31.799,0,3.0045,0,14.0129,19.7329,0,0,0,20.3332,0.460397,0,0,0,3.08405,1.23345,0,0,0,6.90214,1.52168,0,0,4.36181,9.00605,0,0,0,0,0,0,0,0,0.912105,0,0,0,0,0,0,0,0,0,0,0,0,7.93435,5.32992,0,0,0,0,0,0,0,11.8903,0.601547,0,18.0748,5.85021,3.80065,0,2.78423,0,0,0,0,0,0,3.23195,43.8614,3.01256,0,0,1.98607,0,18.9636,6.47655,0,0,0,0,0,8.0345,34.2015,0,0,0,0,0,24.6998,0,0,0,0,0,6.23557,0,0,0,7.46493,0,0,0,0,0,6.46712,0,0,0,12.0718,0,0,12.8611,7.31101,0,5.69629,0,0,0,2.01739,0,0,0,0,0,0,0.0641373,10.0405,0,3.25456,0,1.6618,0,4.53661,0,0,0,0,0,37.4198,40.8816,32.6545,0,0,0,0,0,6.38166,0,8.85477,0,15.8282,2.55869,0,4.32363,0,0,0,0,9.29567,0,3.00337,0,0,0,0,0,6.08921,0,0,0,0,0,12.0929,0,0,0.20079,0,0,0,0,2.87314,0,0,0,0.973736,0,0,0,0,2.69801,57.3991,10.3094,0,0,18.7442,0,118.819,0,0,0,0,19.9583,0,0,0,19.5526,7.68273,7.05085,0,43.1318,0,7.37691,0,5.75753,0,0,15.033,8.51527,0,15.862,0,0,0,0,0,0,11.3923,7.22507,11.9212,1.1357,0,62.6203,0,0,0,0,9.64843,0,0,0,7.04623,0.950523,2.4168,0,24.1927,0,0,0,0,23.7058,0,0,0,0.828591,0,20.4143,0,0,13.8369,0,0,0,0,4.43266,0,0,1.42993,8.78271,0,0,0,0,0,31.5629,0,0,0,0,0,0,0,0,3.42377,0,0
2027,0,0,3.20476,0,11.905,11.5408,0,0,0,0,0,0,0.0833819,0,0,0,0,0,0,9.60736,0,0,0,0,0,0,0,1.99322,21.0401,0,0.84044,0.769746,0,3.16327,46.7514,0,13.2879,0,0,0,0,0.897171,0,0,0,0,7.8099,0,2.45633,0,0,0,0,17.3477,8.65976,13.1926,0,0,0,0,0,1.08001,0,0,0,0,8.31514,0,23.5152,0,0,0,10.7969,14.7294,0,0,0,14.0121,1.11988,0,0,0,1.28973,0.11951,0,0,0,7.91011,0.0720466,0,0,0,7.7967,0,0,0,0,0,0,0,0,0.464515,0,0,0.710272,0,0,0,0,0,0,0,0,0,5.90941,4.36563,0,0,0,0,0,0,0,9.18883,0,0,15.7807,0.87408,2.03759,0,3.50095,0,0,0,0,0,0,0,33.2717,2.52314,0,0,2.02624,0,15.2541,5.9205,0,0,0,0,0,7.33521,27.3243,0,0,0,0,0,18.11,0,0,0,0,0,6.71967,0,0,0,5.5232,0,0,0,0,0,7.01773,0,0.517825,0,8.27005,0,0,9.23759,5.80723,0,7.31642,0,0,0,2.30289,0,0,0,0,0,1.46003,0,8.06036,0,0,0,0,0,3.84376,0,0,0,0,0,25.0368,30.1021,26.9754,0,0,0,0,0,4.80772,0,8.21217,0,11.5196,1.9037,0,2.90939,0,0,0,0,6.86472,0,3.5385,0,0,0,0,0,4.72484,0,0,0,0,0,14.7815,0,0,0,0,0,0,0,4.57343,0,0,0,0.849038,0,0,0,0,2.01733,43.9299,7.59412,0,0,16.4337,0,86.8212,0,0,0,0,15.5839,0,0,0,10.6748,6.55527,0.653593,0,34.1913,0,5.10734,0,1.57422,0,0,9.8171,3.40231,0,11.7423,0,0,0,0,0,0,8.45512,6.5547,10.2452,1.66529,0,46.5442,0,0,0,0,2.07265,0,0,0,4.92209,0,0,0,17.6801,0,0,0,0,19.7243,0,0,0,0,0,13.3617,0,0,12.2482,0,0,0,0,3.3559,0,0,1.41876,7.72932,0,0,0,0,0,20.1772,0,0,0,0,0,0,0,0,0,0,0
2028,0,0,4.41053,0,8.79498,6.82627,0,0,0,0,0,0,0,0,0,0,0,0,0,7.03295,0,0,0,0,0,0,0,1.5537,19.3874,0,0.763465,2.97998,0,3.15086,39.862,0,10.2975,0,0,0,0,0.0172,0,0,0,0,7.45388,0,0.898768,0,0,0,0,13.6679,7.6527,9.89624,0,0,0,0,0,2.55188,0,0,0,0,5.56386,0,17.0096,0,0,0,8.12272,10.6085,0,0,0,9.2243,1.43498,0,0,0,0,0,0,0,0,8.31619,0,0,0,0,6.72589,0,0,0,0,0,0,0,0,0,0,0,1.30729,0,0,0,0,0,0,0,0,0,4.20136,3.3483,0,0,0,0,0,0,0,7.05807,0,0,13.6723,0,0.285201,0,2.97198,0,0,0,0,0,0,0,25.1719,1.96038,0,0,1.89709,0,11.7941,5.07067,0,0,0,0,0,6.30179,22.1712,0,0,0,0,0,12.4662,0,0,0,0,0,6.59181,0,0,0,3.93203,0,0,0,0,0,7.10389,0,0.508982,0,5.08625,0,0,6.5003,4.48724,0,8.29651,0,0,0,2.21393,0,0,0,0,1.00449,2.4384,0,6.30109,0,0,0,0,0,3.21508,0,0,0,0,0,15.6944,22.3485,22.5064,0,0,0,0,0,3.50257,0,7.24871,0,8.04967,1.24405,0,1.59242,0,0,0,0,4.77088,0,3.45522,0,0,0,0,0,3.64593,0,0,0,0,0,16.2241,0,0,0,0,0,0,0,5.58549,0,0,0,0.73137,0,0,0,0,1.51933,33.9207,5.48272,0,0,13.8197,0,63.7531,0,0,0,0,12.0609,0,0,0,3.91289,5.37058,0,0,27.3899,0,3.35614,0,0,0,0,5.869,0,0,8.41307,0,0,0,0,0,0,6.17221,5.83667,8.78237,1.75712,0,34.8137,0,0,0,0,0,0,0,0,3.18107,0,0,0,12.4807,0,0,0,0,16.3652,0,0,0,0,0,7.62921,0,0,10.7662,0,0,0,0,2.17884,0,0,1.15585,6.80598,0,0,0,0,0,11.9076,0,0,0,0,0,0,0,0,0,0,0
2029,0,0,4.89308,0,6.25768,3.14455,0,0,0,0,0,0,0,0,0,0,0,0,0,5.01632,0,0,0,0,0,0,0,0.967908,17.9178,0,0.532426,4.11708,0,3.01689,34.4605,0,7.53984,0,0,0,0,0,0,0,0,0,6.86853,0,0,0,0,0,0,10.5044,6.70845,7.08665,0,0,0,0,0,3.17141,0,0,0,0,3.37434,0,11.7662,0,0,0,5.81948,7.08633,0,0,0,5.52663,1.50543,0,0,0,0,0,0,0,0,8.27441,0,0,0,0,5.7443,0,0,0,0,0,0,0,0,0,0,0,1.53492,0,0,0,0,0,0,0,0,0,2.70599,2.28352,0,0,0,0,0,0,0,5.33122,0,0,11.6838,0,0,0,1.46599,0,0,0,0,0,0,0,18.8355,1.34169,0,0,1.64399,0,8.4852,4.00159,0,0,0,0,0,5.02147,18.2286,0,0,0,0,0,7.44238,0,0,0,0,0,6.00269,0,0,0,2.5854,0,0,0,0,0,6.84651,0,0,0,2.33613,0,0,4.38644,3.29491,0,8.80919,0,0,0,1.84779,0,0,0,0,1.80555,2.53405,0,4.68536,0,0,0,0,0,2.62376,0,0,0,0,0,8.52034,16.7426,18.8853,0,0,0,0,0,2.38761,0,6.03665,0,5.16668,0.581567,0,0.341538,0,0,0,0,2.91466,0,2.92108,0,0,0,0,0,2.76283,0,0,0,0,0,16.7678,0,0,0,0,0,0,0,6.09715,0,0,0,0.618212,0,0,0,0,1.15026,26.3634,3.79269,0,0,10.9196,0,47.0249,0,0,0,0,9.12996,0,0,0,0,4.12579,0,0,22.0851,0,1.97205,0,0,0,0,2.82361,0,0,5.64071,0,0,0,0,0,0,4.34428,5.07233,7.45657,1.52618,0,26.1709,0,0,0,0,0,0,0,0,1.70366,0,0,0,8.1988,0,0,0,0,13.455,0,0,0,0,0,2.82843,0,0,9.35356,0,0,0,0,0.917492,0,0,0.710422,5.96685,0,0,0,0,0,5.84076,0,0,0,0,0,0,0,0,0,0,0
2030,0,0,4.91216,0,4.18684,0.255213,0,0,0,0,0,0,0,0,0,0,0,0,0,3.41984,0,0,0,0,0,0,0,0.30312,16.6462,0,0.21574,4.64362,0,2.82404,30.1929,0,5.03275,0,0,0,0,0,0,0,0,0,6.17257,0,0,0,0,0,0,7.77872,5.85173,4.67232,0,0,0,0,0,3.27922,0,0,0,0,1.62262,0,7.53592,0,0,0,3.82794,4.10509,0,0,0,2.65839,1.4244,0,0,0,0,0,0,0,0,7.9706,0,0,0,0,4.87572,0,0,0,0,0,0,0,0,0,0,0,1.53453,0,0,0,0,0,0,0,0,0,1.38446,1.22948,0,0,0,0,0,0,0,3.92896,0,0,9.83572,0,0,0,0,0,0,0,0,0,0,0,13.861,0.718384,0,0,1.33403,0,5.45608,2.84583,0,0,0,0,0,3.65536,15.1987,0,0,0,0,0,2.93092,0,0,0,0,0,5.15406,0,0,0,1.4364,0,0,0,0,0,6.4149,0,0,0,0,0,0,2.73182,2.24018,0,9.03385,0,0,0,1.31914,0,0,0,0,2.06185,2.12509,0,3.24431,0,0,0,0,0,2.08974,0,0,0,0,0,2.997,12.6783,15.93,0,0,0,0,0,1.44771,0,4.7241,0,2.76612,0,0,0,0,0,0,0,1.2926,0,2.1465,0,0,0,0,0,2.04224,0,0,0,0,0,16.7401,0,0,0,0,0,0,0,6.29185,0,0,0,0.511456,0,0,0,0,0.874657,20.6229,2.42026,0,0,7.9873,0,34.8543,0,0,0,0,6.68424,0,0,0,0,2.88014,0,0,17.9562,0,0.88101,0,0,0,0,0.463983,0,0,3.33162,0,0,0,0,0,0,2.85907,4.30568,6.2894,1.12185,0,19.7723,0,0,0,0,0,0,0,0,0.434686,0,0,0,4.66218,0,0,0,0,10.9341,0,0,0,0,0,0,0,0,8.04553,0,0,0,0,0,0,0,0.199589,5.23068,0,0,0,0,0,1.37402,0,0,0,0,0,0,0,0,0,0,0
2031,0,0,5.09579,0,2.64512,0,0,0,0,0,0,0,0,0,0,0,0,0,0,2.13004,0,0,0,0,0,0,0,0,15.7476,0,0,4.05223,0,2.67292,27.1715,0,2.87883,0,0,0,0,0,0,0,0,0,5.4525,0,0,0,0,0,0,6.09828,5.29661,2.88151,0,0,0,0,0,3.12475,0,0,0,0,0.2932,0,4.28036,0,0,0,2.1792,1.93921,0,0,0,0.528953,1.57726,0,0,0,0,0,0,0,0,7.25939,0,0,0,0,4.66053,0,0,0,0,0,0,0,0,0,0,0,1.52783,0,0,0,0,0,0,0,0,0,0.134097,0.329923,0,0,0,0,0,0,0,2.8518,0,0,8.81697,0,0,0,0,0,0,0,0,0,0,0,10.1959,0,0,0,0.205332,0,3.20253,1.84439,0,0,0,0,0,2.61167,12.8534,0,0,0,0,0,0,0,0,0,0,0,4.1019,0,0,0,0,0,0,0,0,0,6.02515,0,0,0,0,0,0,1.38719,1.42487,0,8.94397,0,0,0,0.628693,0,0,0,0,2.12019,1.657,0,2.17538,0,0,0,0,0,1.73092,0,0,0,0,0,0,9.78019,13.5269,0,0,0,0,0,0.746819,0,3.76786,0,0.879671,0,0,0,0,0,0,0,0.0213831,0,1.52407,0,0,0,0,0,1.52891,0,0,0,0,0,15.4148,0,0,0,0,0,0,0,6.51227,0,0,0,0.417311,0,0,0,0,0.633769,16.3014,1.10058,0,0,4.47655,0,25.7385,0,0,0,0,4.71505,0,0,0,0,1.57369,0,0,14.7872,0,1.02366,0,0,0,0,0,0,0,1.57347,0,0,0,0,0,0,1.63739,3.30389,5.52295,0.644776,0,14.4097,0,0,0,0,0,0,0,0,0,0,0,0,1.93652,0,0,0,0,5.49623,0,0,0,0,0,0,0,0,7.08005,0,0,0,0,0,0,0,0,3.40232,0,0,0,0,0,0,0,0,0,0,0,0,0,0,0,0,0
2032,0,0,5.65879,0,1.71532,0,0,0,0,0,0,0,0,0,0,0,0,0,0,1.10809,0,0,0,0,0,0,0,0,15.408,0,0,0.355649,0,2.65615,25.343,0,1.22449,0,0,0,0,0,0,0,0,0,4.87099,0,0,0,0,0,0,5.54351,5.15853,1.78465,0,0,0,0,0,3.01604,0,0,0,0,0,0,2.04595,0,0,0,0.922777,0.879388,0,0,0,0,2.07032,0,0,0,0,0,0,0,0,6.34361,0,0,0,0,4.68169,0,0,0,0,0,0,0,0,0,0,0,1.66759,0,0,0,0,0,0,0,0,0,0,0,0,0,0,0,0,0,0,2.13375,0,0,6.24546,0,0,0,0,0,0,0,0,0,0,0,7.8886,0,0,0,0,0,2.22469,1.2015,0,0,0,0,0,2.19245,11.163,0,0,0,0,0,0,0,0,0,0,0,3.06698,0,0,0,0,0,0,0,0,0,5.92062,0,0,0,0,0,0,0.279558,0.953423,0,8.73448,0,0,0,0,0,0,0,0,2.29489,1.58892,0,1.67505,0,0,0,0,0,1.64315,0,0,0,0,0,0,7.77302,11.7264,0,0,0,0,0,0.359208,0,3.42127,0,0,0,0,0,0,0,0,0,0,0,1.35131,0,0,0,0,0,1.27237,0,0,0,0,0,11.5603,0,0,0,0,0,0,0,6.94541,0,0,0,0.342749,0,0,0,0,0.412185,13.2231,0,0,0,0.580258,0,18.8599,0,0,0,0,3.28593,0,0,0,0,0.299103,0,0,12.6554,0,1.78243,0,0,0,0,0,0,0,0.492798,0,0,0,0,0,0,0.651317,2.14171,5.33075,0.256301,0,8.15429,0,0,0,0,0,0,0,0,0,0,0,0,0.161351,0,0,0,0,0,0,0,0,0,0,0,0,0,6.5818,0,0,0,0,0,0,0,0,0.477438,0,0,0,0,0,0,0,0,0,0,0,0,0,0,0,0,0
2033,0,0,6.23828,0,1.35372,0,0,0,0,0,0,0,0,0,0,0,0,0,0,0.398833,0,0,0,0,0,0,0,0,15.676,0,0,0,0,2.81165,24.2997,0,0.202162,0,0,0,0,0,0,0,0,0,4.6385,0,0,0,0,0,0,5.37094,5.31885,1.106,0,0,0,0,0,3.29056,0,0,0,0,0,0,0.926079,0,0,0,0.0820936,0.875207,0,0,0,0,2.56494,0,0,0,0,0,0,0,0,5.89368,0,0,0,0,5.02845,0,0,0,0,0,0,0,0,0,0,0,1.95099,0,0,0,0,0,0,0,0,0,0,0,0,0,0,0,0,0,0,1.78806,0,0,4.54339,0,0,0,0,0,0,0,0,0,0,0,6.84906,0,0,0,0,0,2.66086,0.978666,0,0,0,0,0,2.34138,10.2453,0,0,0,0,0,0,0,0,0,0,0,2.48741,0,0,0,0,0,0,0,0,0,6.28725,0,0,0,0,0,0,0,0.848116,0,8.86265,0,0,0,0,0,0,0,0,2.78485,2.28182,0,1.77779,0,0,0,0,0,1.80712,0,0,0,0,0,0,6.41341,10.6655,0,0,0,0,0,0.304116,0,3.50236,0,0,0,0,0,0,0,0,0,0,0,1.62922,0,0,0,0,0,1.26109,0,0,0,0,0,9.08166,0,0,0,0,0,0,0,7.50637,0,0,0,0.291872,0,0.0972471,0,0,0.250952,11.3237,0,0,0,0,0,14.0627,0,0,0,0,2.47503,0,0,0,0,0,0,0,11.8696,0,2.52654,0,0,0,0,0,0,0,0.0590948,0,0,0,0,0,0,0,1.30796,5.63168,0.228577,0,3.90194,0,0,0,0,0,0,0,0,0,0,0,0,0,0,0,0,0,0,0,0,0,0,0,0,0,0,6.43982,0,0,0,0,0,0,0,0.128576,0,0,0,0,0,0,0,0,0,0,0,0,0,0,0,0,0,0
2034,0,0,6.9763,0,1.54938,0,0,0,0,0,0,0,0,0,0,0,0,0,0,0,0,0,0,0,0,0,0,0,16.5747,0,0.0330555,0,0,3.16209,24.0079,0,0,0,0,0,0,0,0,0,0,0,4.79702,0,0,0,0,0,0,5.67544,5.80893,0.886009,0,0,0,0,0,4.03977,0,0,0,0,0,0,0.891042,0,0,0,0,1.95604,0,0,0,0,3.12777,0,0,0,0,0,0,0,0,5.94762,0,0,0,0,5.74621,0,0,0,0,0,0,0,0,0,0,0,2.43176,0,0,0,0,0,0,0,0,0,0,0,0,0,0,0,0,0,0,1.80506,0,0,3.62963,0,0,0,0,0,0,0,0,0,0,0,6.99831,0,0,0,0,0,4.58446,1.24684,0,0,0,0,0,3.14019,10.033,0,0,0,0,0,0,0,0,0,0,0,2.44326,0,0,0,0,0,0,0,0,0,7.18613,0,0,0,0,0,0,0,1.12658,0,9.36109,0,0,0,0,0,0,0,0,3.68896,3.86927,0,2.51521,0,0,0,0,0,2.24095,0,0,0,0,0,0,5.55754,10.3125,0,0,0,0,0,0.586947,0,4.11388,0,0,0.338774,0,0,0,0.577185,0,0,0,0,2.45009,0,0,0,0,0.453624,1.49492,0,0,0,0,0,7.77753,0,0,0,0,0,0,0,8.27343,0,0,0,0.267181,0,1.35421,0,0,0.138652,10.4609,0,0,0,0,0,10.8829,0,0,0,0,2.28605,0,0,0,0,0,0,0,12.3601,0,3.34242,0,0,0,0,0,0,0,0.267833,0,0,0,0,0,0,0,0.802636,6.46046,0.616422,0,1.20235,0,0,0,0,0,0,0,0,0,0,0,0,0,0,0,0,0,0,0,1.48585,0,0,0,0,0,0,6.70164,0,0,0,0,0,0,0,0.97522,0,0,0,0,0,0,0,0,0,0,0,0,0,0,0,0,0,0
2035,0,0,7.94374,0,2.26316,0,0,0,0,0,0,0,0,0,0,0,0,0,0,0,0,0,0,0,0,0,0,0,18.0773,0,0.385501,0,0.652011,3.70817,24.405,0,0.201646,0,0,0,0,0,0,0,0,0,5.34646,0,0,0,0,0,0,6.48197,6.62646,1.11752,0,0,0,0,1.8616,5.28677,0,0.836781,0,0,0,2.69032,1.85929,0,0,0,0,4.06913,0,0,0,0,3.79204,0,0,0,0,0,0,0,0,6.49457,0,0,0,0,6.83744,0,0,1.64797,0,0,0,0,0,0,0,0,3.12831,0,0,0,0,0,0,0,0,0,0,0,0,0,0,0,0,0,0,2.15769,0,1.13668,3.41557,0,0,0,0,0,0,0,0,0,0,0,8.2224,0,0,0,0,0,7.94894,2.01611,0,0,0,0.824298,0,4.5968,10.4442,0,0,0,0,0,0,0,0,0,0,0,2.94466,0,0,0,0,0,0,0,0,0,8.61829,0,0.799738,0,0,0,0,0,1.77552,0,10.2242,0,0,0,0,0,0,0,0,5.0384,6.37187,0,3.86636,0,2.78678,0,0,0,2.93794,0,0,0,0,0,0,5.09382,10.6079,0,0,0,0,0,1.1903,0,5.28025,0,0,1.0676,0,0,0,2.397,0,0,0.0411882,0,3.83313,0,0,0,0,2.06857,1.95895,0,0,0,0,0,7.46609,0,0,0,0,0,0,0,9.27699,0,0,0,0.268692,0,3.22586,0,0,0.0658343,10.4912,0,0,0,0,0,8.96048,0,0,0,0,2.68231,0,0,0,0,0,0,0,14.0082,0,4.2737,0,0,0,0,0,0,1.87458,1.07878,0,0,0,0,0,0,0,0.604656,7.803,1.42504,0,0,0,0,0,0,0,0,0,0,0,0,0,0,0.414196,0,0,0,0,0,0,3.99592,0,0,0.268075,0,0,0,7.36955,0,0,0,0,0.606189,0,0,2.27917,0,0,0,0,0,0,0,0,0,0,0,0,0,0,2.02548,0,0,0
2036,0,0,8.85908,0,3.25012,0,0,0,0,0,0,0,0,0,0.132005,0,0,0,0,0,0,0,0,0.322504,0,0,0,0,20.0953,0,0.914733,0,0.64333,4.34698,22.2651,0,0.731038,0,0,0,0,0.692268,0,0,0,0,6.41958,0,0,0,0.144154,0,0,7.6743,7.44737,0.664237,0,0,0,0,4.38059,6.82281,0,2.29923,0,0,0,1.93708,3.72892,0,0,0,0,6.69007,1.16205,0,0,0,4.58461,0,0,0,0,0,0,0,0.780856,6.83231,0,0,0,0,8.20096,0,0,5.55505,0,0,0,0,0,1.06904,0,0,3.77188,0,0,0,0.020698,0,0,0,0,0,0,0.515375,0,0,0,0,0,0,0,2.44495,0,3.61854,2.48942,0,1.59763,0,0,0,0,0,0,0,0,0,10.347,0,0,0,0,0,12.5614,3.15749,0,0,0,3.18393,0,6.65411,10.7244,0,0,0,0,0,0,0,0,0,0,0,3.7712,0,0,0,0,0,0,0,0,0,10.3962,0,3.05402,0,0,0,0,0,2.70975,0,10.8601,0,0,0,0,0,0,0,0,6.47103,9.29888,0,5.57678,0,6.0841,0,0,0,3.84633,0,0,0,0,0,0,5.12186,11.4497,0,0,0,0,0,2.09719,0,7.14263,0,0.145372,1.48343,0,0.944534,0,4.62471,0,0,1.30726,0,5.59329,0,0,0,0,4.06187,2.54975,0,0,0,0.178206,0,10.0731,0,0,0,0,0,0,0,9.92742,0,0,0,0.0829635,0,5.79044,0,0,0,10.8421,0,0,0,0,0,7.45909,0,0,0,0,3.23837,0,0,0,2.73449,0,0,0,16.1367,0,5.11871,0,0,0,0,0,0,5.60957,2.29996,0,0,0,0,0,0,0,0,9.36342,2.78255,0,0.212146,0,0,1.4876,0,0,0,0,2.92844,0,0,0,0,2.12645,0,0,0,0,0,0,6.49515,0,0,0.113781,0,0,0.754053,8.06745,0,1.04282,0,0,2.68601,0,0,3.76963,0,0,0,0,0,0,0,0,0,0,0,0,0,0,4.81042,0,0,0
2037,0,0,9.67776,0,4.37364,0,0,0,0,0,0,0,0,0,0.327735,0,0,0,0,0,0,0.527916,0,1.75188,0,0,0,0,22.4827,0,1.58887,2.59453,0,5.03056,17.0101,0,1.26143,0,0,0,0,2.14812,0,0,0,0,7.92261,0,0.4452,0,2.43996,0,0,9.13597,8.19339,0,0.135893,0,0,0,7.13193,8.52451,0,3.92407,0,0,0.518336,0,6.28136,0,0,0,0.0495658,9.52213,3.17281,0,0,0.471342,5.47873,3.51981,0,0,0,0,0,0,2.3413,6.84617,0.714786,0,0,0,9.74565,0,0,9.51848,0,0,0,0,0,2.42307,0,0,4.3041,0,3.7416,0,2.86189,0,0,0,0,0,0,1.69948,0,0,0,0,0,0,0,2.56539,0,6.61384,0.880095,0,3.85404,0,0,0,0,0,0,0,0,0,13.1357,0,0,0,0,0,18.0921,4.54769,0,0,0,5.89299,0,6.30341,10.7397,0,0,0,0,0,0,0,1.04843,0,0,0,4.7824,0,0.534571,0,0,0,0,0,0,0,12.3874,0,5.98084,0,6.57194,0,0,0,3.83996,0,11.1907,0,0,2.70656,0,0,0,1.51172,0,7.86672,12.3995,0,7.4862,0,9.13254,0,0,0,4.90155,0,0,0,0,0,1.32973,5.54696,12.6931,0,0,0,0,0,3.23816,0,9.56863,0,1.20242,0.954568,0,2.44491,0,6.56793,0,0,2.87242,0,7.58842,0,0,1.51839,2.11177,6.2821,3.20852,0,0,0,2.0809,0,15.1113,0,0,0.520975,0,0,0,0,10.1795,3.1224,0,0,0,4.25944,8.90615,0,0,0,11.3163,0,0,0,0,0,6.11514,0.344055,0,0,0,3.79978,0,0.427274,0,5.82464,0,0,0,18.4581,0.104961,5.84353,0,0,0,0,0,0,9.31224,3.77897,0,0,0,0,0,0,0,0,11.0088,4.6024,0,2.43255,0,0,10.9044,2.17145,0,0,0,7.35121,0,0,0,0,4.37447,0,0,0,0,0,0,8.72066,0,0,0,3.48556,2.38738,1.74411,8.70663,0,3.68753,0,0,5.36772,0,0,5.3068,2.06894,0,0,0,0,0,0,0,0,0,0,0,0,0,7.84954,0,0,0
2038,0,0,10.696,0,5.72479,0.131531,0,0,0,2.11776,0,0,0,0,0.55023,0,0,0,0,0.101721,0,5.61577,0,2.89677,0,0,0,0,25.0518,0,2.30145,5.58821,0,5.80679,13.8967,4.73293,2.11962,0,0,0.102336,0,3.70135,0,0,0,0,9.47882,0,1.81951,0,4.80618,0,0,10.7933,9.1598,0,0.712499,0,0,0,9.98112,10.4469,0,5.69978,0,0,1.42506,0,9.16232,0,0,0,0.427532,12.7618,5.38516,0,0,1.74611,6.39158,7.17306,0,0,0,0,0,0,4.01302,7.25882,2.98949,0,0,0,11.4268,0,0,14.1774,0,0,0,0,0,3.87428,0,0,4.99932,0,7.94288,3.26475,5.28508,0,0,0,0,0,0,2.9322,0,0,0,0,0,0,0,2.91395,0,9.80555,0.236863,2.20124,6.50021,0,0,0,0,0,0,0,0,4.40227,16.3069,0,0,0,0.171413,0,24.1117,6.12261,2.83714,2.7255,0,8.8085,0,7.04704,11.2205,0.637478,0,0,0.486833,0,0,0,2.8822,0,0,0,5.99771,0,2.32671,0,0,0,0,0,0,0,14.5865,0,9.08997,0,12.4159,0,0,0,5.10296,0,11.8554,0,0,5.68533,0,0,0,4.55753,0,9.52556,15.9117,0,9.6456,0,12.1544,0,0,0,6.04189,0,0,0,0,0,4.2291,6.01813,14.1611,0,0,0,0,0,4.47837,0,12.0822,0,2.43341,0.997354,0,4.13322,0,8.52377,0,0.544296,4.62046,0,9.80704,0,0,4.42671,4.45801,8.72351,3.96493,0,0,0,4.27606,0,19.3878,0,0,5.79213,0,0,0,0,10.741,6.58297,0.24801,0,0,7.953,12.209,0,0,0,12.2544,0,0,0,1.46812,0,5.41598,3.94408,0,0,0,4.65941,0,1.94816,1.7535,9.10712,0,0,0,21.3218,0.478227,6.67916,0,0,0,0,0,0,12.6159,5.4933,0,0,0,0,0,0,0,0,12.8891,6.49426,0,4.45695,0,0,20.0017,6.30297,0,0,0,11.7584,0.750703,0,0,0,6.91333,0,0,0,0,0,0,11.3417,0,1.77578,0,7.475,7.03281,2.77259,9.61614,0,6.13376,0,0.406427,8.22453,0,0,7.05826,4.4942,0,0,0,0,0,0,0,0,5.4218,0,0,0,0,11.2131,0,0,0
2039,0,0,11.7533,0,7.13209,1.52271,0,0,8.18948,6.88731,0,0,0,2.56927,0.774991,0,0,0,0,0.290765,0,10.4575,1.92368,3.84188,0,1.76857,0,0,27.5953,0,2.98385,8.44383,0,6.59563,12.1864,13.6772,3.01914,0,0,4.35513,0,5.24442,0,0,0,0,10.9702,0.489772,3.20943,0,7.17432,0,0,12.4465,10.1985,0,1.37462,0,0,0,12.7562,12.3815,0,7.47827,0,0,2.35015,0,12.0718,0,0,0,0.821448,16.0201,7.61211,0,0,3.05112,7.26888,10.78,0,0,0,0,0,0,5.66716,7.81256,5.28013,0,0,0,13.1001,0,0,18.847,0,0,0,0,5.47558,5.30366,0,2.61144,5.74062,0,11.958,8.31166,7.45706,0,0,0,0,0,0,4.10381,0,0,0,0,0,0,0,3.35292,0,12.9701,0.184953,4.24233,9.20842,0,0,0,0,0,0.222319,0,0,9.42371,19.5589,0,0,0,1.63135,0,30.1419,7.68751,7.70117,6.03231,3.77279,11.6961,0,8.40378,11.9098,2.65275,0,0,1.25254,0,0,1.31457,4.76402,0,0,0,7.1795,0,4.11784,0,0,0,0,0,0,0,16.7827,0,12.152,0,17.1767,0,0,0,6.37145,0.319102,12.6531,0,0,8.70272,0,0,0,7.61856,0,11.2375,19.4512,0,11.8296,0,15.0083,0.408735,0,0,7.1724,0,0,0,0,0,7.25151,6.4882,15.6632,0,0,0,0,0,5.71716,0,14.4835,0,3.67719,1.37853,0,5.83704,0,10.3825,0,1.40598,6.38362,2.16353,12.0236,0,0.657676,7.39823,6.8229,11.1443,4.73835,0,0,0,6.60906,0,22.9947,0,0,10.29,0,0.368997,0,0,11.4316,9.91848,12.6032,0,0,11.034,15.4574,0,0,0,13.3762,0,0,0,3.035,0,5.06325,7.41028,0,0,0,5.58661,0,3.46259,4.95095,12.3484,0,0,0,24.3226,0.838724,7.5319,0,0,0,0,0.402792,0,15.5129,7.25009,0,0.751777,0,0,0,0,0,0,14.7961,8.31719,0,6.29761,0,0,28.6925,10.1059,3.65584,0,0,15.9367,1.53601,0,0,0,9.46859,0,0,0,0,0,0,14.0171,0,4.96389,0,11.5809,10.643,3.76218,10.6096,0,8.37034,0,1.69297,11.041,0,0,8.83922,6.6629,0,0,0,0,0,0,0,0,11.78,0,0,0,0,14.5976,0,0,0
2040,0,0,12.6985,0,8.43528,2.73156,0,0,22.4202,11.2278,0,0,0,5.87081,0.978516,0,0,0,0,0.410657,0,14.8926,3.68936,4.60513,0,4.25415,0,0,29.9143,0,3.56791,10.9996,0,7.32169,11.307,21.038,3.69287,0,0,7.54867,0.613779,6.66922,0,0,0,0,12.2765,2.75687,4.50792,1.26217,9.36625,0,0,13.9015,11.1743,0,2.02965,0,0,0,15.2815,14.1282,0,9.1177,0,0,3.18964,0,14.7221,0,0,0,1.07387,18.9314,9.671,4.71196,0,4.25373,8.05495,14.0095,0,0,0,0,0,0,7.17356,8.27742,7.42434,0,0,0,14.6267,0,0,22.8787,0,0,0,0,9.87857,6.59558,0,5.31905,6.42042,0.473421,15.5689,12.4161,9.32442,0,0,0,0,0,0,5.10009,0,0,0,0.168963,0,0,0,3.75948,0,15.8906,0.416901,5.92705,11.6673,0,0,0,0,0,5.47009,0,0,13.9457,22.6061,0,0,0,2.82983,0,35.7205,9.05413,11.9032,9.05979,10.0069,14.3296,0,9.96911,12.5836,4.56051,0,0,1.97096,0,0,3.01238,6.53173,0,0.959594,0,8.10075,0,5.78819,0,0,2.47729,0,0,0,0,18.7749,0,14.9387,0,20.9902,0,0,0,7.52335,2.31361,13.4062,0,7.3795,11.5095,0,0,0,10.3988,0,12.8052,22.6528,0,13.8247,0,17.5418,1.15539,0,0,8.20175,0,0,0,0,0,10.1338,6.91246,17.0177,0,0,0,0,0,6.85711,0,16.5712,0,4.74622,1.90645,0,7.39038,0,12.0285,0,2.22029,8.00006,11.354,14.0209,0,1.40065,10.1853,9.02108,13.3126,5.45315,0,0,0,8.84287,0,25.9495,0,0,14.1844,0,4.52676,0,0,12.0928,12.776,22.1144,0,0,13.5472,18.4111,0,0,0,14.4315,0,0,0,3.95185,0.602893,4.80781,10.578,0,0,0,6.36891,0,4.87925,7.71167,15.3177,0,0,0,27.0888,1.16107,8.3141,0,0.513134,0,0,1.42692,1.42045,17.9484,8.86641,0,1.53653,0,0,0,0,0,0,16.535,9.92924,0,7.89333,0,0,36.4336,13.4488,7.18529,0,0,19.652,2.12674,0,0,0,11.7771,0,0,0,0,0,0,16.4297,0,8.00101,0,15.4489,13.4568,4.63594,11.5165,0,10.311,0,2.83792,13.6053,0,0,10.4754,8.52723,0,0,0,0,0,0,0,0,16.8824,0,0,0,0,17.7134,0,0,0
2041,0,0,13.4449,0,8.83325,3.67377,0,0,32.8345,14.4556,0,0,0,8.7828,1.08853,0,0,0,19.6275,0.456945,0,17.7972,5.25551,4.76131,0,6.26628,0,0,31.8451,0,3.99679,15.5952,0.596799,7.57808,15.6342,26.1656,3.58417,0,0,9.79754,6.00736,7.8127,0,0,0,0,12.204,4.46442,5.40006,5.72108,11.3248,13.2546,0,14.4972,11.7748,0,1.56063,0,0,0,17.7597,15.0397,0,10.4666,0,1.59989,3.67526,0,16.5938,0,0,0,0.80969,20.8622,11.426,14.3958,0,5.09417,8.34424,16.3169,0,0,0,0,0,0,8.32536,7.25793,9.39936,0,0,0,15.3855,0,0,24.9173,2.94413,8.49391,0,0,13.2984,7.82238,0,7.47156,7.00132,1.54537,18.3679,14.7158,8.85689,0,0,0,0,0,0,5.61196,0,0,0,5.41538,3.00801,0,0,3.66492,0,17.5081,0,7.21776,13.1801,0.357596,0,0,3.35298,0,8.46509,0,0,17.2118,25.2129,0,0,0,4.5952,0,40.4639,10.1822,14.9693,11.4272,15.0857,16.0595,0,8.53581,12.1933,6.358,0,0,2.5707,0,0,4.45293,7.92505,0,3.01464,0,7.32964,0,7.30278,0,0,9.73767,0,0,0,0,20.4865,0,17.025,0,23.7604,0,0,0,8.00529,3.13811,13.1215,0,12.3127,13.5809,0,0,0,12.157,0,13.8609,24.6052,0,15.578,0,19.3069,1.83518,0,0,8.63937,0,0,0,0,0,12.6457,6.96238,17.796,0,0,0,0,0,7.94188,3.48768,17.681,0,5.12354,3.8603,0,8.62476,0,12.8548,0,2.75894,9.09635,20.9746,15.1667,0,1.36066,11.9497,9.45419,15.1196,5.93535,0,0,0,11.7653,0,27.854,0,0,19.7221,0,8.71438,0,0,12.6828,13.7954,28.8195,0,0,15.3816,20.769,0,0,0,14.8554,0,0.509517,0,3.11797,2.17284,3.97861,12.6446,0,0,0,6.05147,0,5.90355,10.1487,17.2106,0,0,0,28.599,1.54864,8.52934,0,1.6649,0,0,2.21318,2.92204,19.3808,10.0364,0,2.16722,0,0,0,0,0,0,18.3714,11.2792,0,10.0095,0,6.99875,40.5106,15.4467,10.2935,0,0,22.8466,1.98512,0,0,0,13.4177,0,0,0,0,0,0,17.0646,0,10.6582,2.30328,18.786,15.1448,5.75939,12.2333,0,11.5901,0,3.74901,15.5864,0,0,11.5233,10.754,0,0,0,0,0,0,0,0,20.2348,0,0,0,0,19.6232,0,0,0
2042,0,0,13.91,0,8.2189,4.25317,0.599874,0,39.5025,16.2608,0,0,1.89792,11.1225,1.08953,0,0,0,38.1777,0.387019,7.57555,18.8617,6.60291,4.03316,0,5.7314,0,0,33.2834,0,4.23405,18.6959,1.45029,7.33331,21.0954,29.0412,2.54617,0,0,11.1389,9.74912,8.28115,0,0,0,0,10.7238,5.72594,5.78884,9.63389,12.9605,26.7269,0,14.1413,11.9342,0,0.041652,0,0,0,19.0272,15.0132,3.92424,11.4477,0,4.41571,3.73,5.58129,17.5207,0,3.03408,0,0,21.6154,12.7799,21.1948,0,5.47443,8.12053,17.5081,0,0,1.67285,0,0,2.86224,9.04662,4.68205,11.1127,0,0,0,15.3175,0,0,24.5957,5.55241,13.7316,5.30628,0,15.698,8.92812,0,9.03249,7.42541,1.90929,20.2244,15.2089,5.97497,0,0,0,0,0,0,5.57336,0.0140658,0,0,10.0737,6.49721,0,0,2.99764,0,17.6747,0,8.11679,13.5508,4.1491,0,0,7.21145,4.25745,9.74506,0,0.348362,18.905,27.2253,0.652214,0,0,6.07931,0,44.1235,10.9709,16.7999,12.9382,18.874,16.7486,0,4.24401,10.6591,7.64644,0,0,2.383,0,0,5.61263,8.83862,0,5.6116,1.03787,4.78705,0,8.58847,0,0,14.0094,0,0,0,0,21.8084,0,18.2791,0,25.1738,0,0,0,7.74368,2.93012,11.7486,0,14.2495,14.7544,0,2.53728,0,12.6774,0,14.2997,25.1107,0.547185,16.9766,1.19999,20.2237,2.4094,0,0,8.44067,0,0,0,0,0,14.6351,6.63473,17.9153,0,0,0,0,0,8.92179,8.05913,17.7156,0,4.6848,5.30089,2.34214,9.44891,11.0094,12.8062,0,2.95366,9.57086,28.5995,15.3411,0,0,12.4765,6.5325,16.4433,6.1447,0,0,0,13.8493,0,28.7396,0,0,22.2462,0,12.9885,0.245307,0,13.1145,12.7463,32.7108,0,0,16.5629,22.3993,0,0,0,14.5281,0,2.43944,3.9663,0.212383,3.39956,2.46658,13.3627,0,0,0,4.52328,0,6.44554,12.2043,17.8771,0,0,0,28.6726,1.99618,8.14384,0,2.51846,0,0,2.65804,4.0365,19.7987,10.6542,0,2.59571,0,0,0,0,0,0,20.1913,12.2911,0,11.3163,0,16.3449,40.5529,15.9771,12.788,0,0,25.3979,1.12027,0,4.11687,0,14.2388,2.77697,0,0,0,0,0,15.7356,0,12.7749,4.87429,21.3998,15.8182,5.43866,12.6679,0,12.159,0,4.35339,16.8648,0,0,11.8828,12.89,0,0,0,0,0,0,0,0,21.9084,0,0,0,4.9293,20.1467,0,0,0
2043,0,3.58,14.0146,0,7.49765,4.46666,1.36648,0,43.9074,17.0611,0,0,3.39208,12.8168,1.05174,0,0,0,51.0247,0.102318,17.8194,19.1199,7.56236,3.48169,0,5.33306,0,0,34.199,0,4.2695,20.7548,2.03395,7.05754,24.8271,30.7689,0.995569,0,0.779517,12.0073,12.3985,8.60646,0,0,0,0,9.34172,6.52529,5.94143,12.3698,14.1156,36.6361,0,13.4967,11.9105,0,0,0,0,0,19.7995,14.6885,7.41037,12.0854,0,6.36026,3.58706,9.98432,17.8457,0,6.66625,0,0,21.5961,13.6795,25.9264,0,5.56077,7.87883,17.9076,0,0,3.7081,3.41536,0,4.70928,9.45355,2.18641,12.3208,0,0,0.984981,15.111,0,0,22.9472,7.38965,16.1398,9.40553,0,17.3271,9.65828,0,10.0636,7.60232,2.12486,21.4205,15.1932,3.8324,0,0,0,0.435628,0,0,5.26343,2.29254,0,0,13.2881,8.91694,0,0.35397,2.24533,0,17.5911,0,8.69566,13.3396,6.65195,0,0,9.77479,7.46166,10.575,0,1.12525,19.4106,28.5912,2.88184,0,0,7.10414,0,46.6224,11.2262,17.9508,13.68,21.4133,17.009,0,1.03856,9.14646,8.57895,0,0,2.23871,0,0,6.39874,9.41253,0,7.43967,1.74548,2.16637,0,9.48437,0,0,15.9183,0,0,0,0,22.5821,0,18.9934,0,26.0175,0,0,0,7.35024,2.74281,10.4403,0,13.3975,15.4336,0,14.9111,1.62102,12.5843,0,14.3733,24.9612,1.10811,17.8118,2.42987,20.7195,2.82767,0,0,8.17316,0,0,0,0,0,16.0464,6.33126,17.7342,0,0,0,0.361512,0,9.60487,11.2745,17.339,0,3.89981,6.26111,4.29404,9.87734,19.0757,12.5808,0,3.03234,9.7298,33.9983,15.1392,0,0,12.5944,4.39698,17.1294,6.22502,0,0,0,15.2618,0,29.1944,0,2.03308,23.7406,0,15.9474,0.734254,0,13.2374,11.0694,35.2217,0,0,17.3142,23.4034,0,0,0,13.9058,0,3.75204,7.44889,0,4.29059,0.872644,13.4031,0,0,0,2.82944,0,6.75254,13.6713,18.1392,0,0,0,28.2497,2.31252,7.73696,0,3.07151,0,0,2.86608,4.77228,19.8898,10.9037,4.03443,2.84913,0,0,0,0,0,0,21.3659,12.8493,0,12.1528,0,22.9924,39.6629,16.0676,14.5939,0,0,27.0809,0.249424,0,7.38696,1.799,14.4789,5.02052,0,0,0,0,0,14.1433,0,14.2917,6.61303,23.224,16.1711,5.18106,12.7388,0,12.4179,0,4.64875,17.6237,0,0,11.9438,14.3652,0,0,0,0,0,0,0,0,22.8062,0,0,0,8.51526,20.2126,0,0,0
2044,0,18.6285,13.7907,0,6.62055,4.33884,1.86858,0,46.314,16.9113,0,0,4.40483,13.9075,0.97409,0,0,0,59.3039,0,24.474,18.5857,8.19666,3.03587,0,4.91303,0,0,34.6384,0,4.12079,21.9667,2.37244,6.7219,27.2439,31.4649,0,0,2.52004,12.4639,14.1275,8.77184,0,0,0,0,7.95305,6.93004,5.86218,14.1804,14.8358,43.3207,0,12.5411,11.6969,0,0,0,0,0,20.1163,14.0479,9.78001,12.4052,0,7.63576,3.24831,12.8924,17.5949,0,9.13695,0,0,20.8374,14.1621,28.842,0,5.36424,7.5899,17.5611,0,0,5.07303,6.45246,0,5.92695,9.56536,0,13.0714,0,0,2.02349,14.7332,0,0,20.0048,8.61672,15.903,12.1606,0,18.2791,10.0587,0,10.6269,7.55474,2.1572,22.0051,14.6864,2.15174,0,3.53335,0,2.83707,0,0,4.68835,3.70697,0,0,15.3859,10.4162,0,0.699047,1.37695,0,17.2106,0,8.99869,12.5565,8.26309,0,0,11.3644,9.55608,10.9609,0,1.57223,18.7981,29.3631,4.23164,0,0,7.76042,0,48.0606,11.0009,18.4772,13.705,22.8285,16.8403,0,0,7.56126,9.16623,0,0,2.09194,0,0,6.85623,9.66535,0,8.65697,2.19223,0,0,10.0276,0,0,15.645,0,0,0,0,22.861,0,19.1988,1.154,26.3661,0,0,0,6.79776,2.49966,9.10488,0,9.96382,15.6359,0,22.9013,5.69281,11.8911,0,14.0916,24.1575,1.45463,18.1399,3.27682,20.8106,3.09859,0,0,7.80725,0,0,0,3.89434,0,16.9216,6.02226,17.2515,0,0,0,2.15425,0,10.0257,13.4489,16.5465,0,2.76462,6.82985,5.61747,9.93866,24.5284,12.1544,0,2.9931,9.58027,37.5269,14.5534,0,0,12.2943,2.72648,17.2371,6.17683,0,0,0,16.093,0,29.2559,0,3.35183,24.3609,0,17.8283,0.767729,0,13.0786,8.73664,36.4993,0,0,17.6917,23.8287,0,0,0,12.9694,0,4.6438,9.79856,0,4.86865,0,12.7838,0,0,0,0.90791,0,6.83047,14.6297,17.9861,0,0,0,27.301,2.51619,7.2714,0,3.33975,0,0,2.8478,5.15148,19.6631,10.8015,7.36986,2.93952,0,0,0,0,0,0,21.9849,13.001,0,12.596,0,27.5077,37.7608,15.7127,15.7561,0,0,27.9898,0,0,9.58402,5.86644,14.1687,6.499,0,0,0,0,0,12.2013,0,15.2518,7.70965,24.3223,16.2402,4.9226,12.4748,0,12.3799,0,4.65829,17.8966,0,0,11.7045,15.3068,0,0,0,0,0,0,0,0,23.0159,0,0,0,10.9524,19.8028,0,0,0
2045,0,28.1712,13.3183,0,5.61167,3.94774,2.17554,0,47.1987,16.0235,0,0,5.07052,14.5389,0.864809,0,0,0,64.2094,0,28.4111,17.4333,8.58791,2.66099,0,4.45775,0,0,34.7167,0,3.83081,22.5522,2.5234,6.33466,28.711,31.3754,0,0,3.60343,12.611,15.1625,8.80972,0,0,0,0,6.53985,7.04083,5.60334,15.3117,15.2246,47.4969,0,11.3376,11.3348,0,0,0,0,0,20.0869,13.1585,11.3448,12.4821,0,8.42073,2.75555,14.722,16.901,0,10.7816,0,0,19.5046,14.3258,30.3762,0,4.94635,7.25958,16.6384,0,0,5.95741,8.4604,0,6.68467,9.45062,0,13.4745,0,0,2.6491,14.2173,0,0,16.0444,9.39531,13.5784,13.9411,0,18.722,10.2108,0,10.8357,7.33694,2.04141,22.1246,13.7981,0.788413,0,6.77758,0,4.36514,0,0,3.90511,4.64449,0,0,16.6696,11.2226,0,0.917684,0.408681,0,16.5899,0,9.09706,11.3266,9.20253,0,0,12.248,10.8406,11.0026,0,1.787,17.3149,29.6876,5.02382,2.12455,0,8.14607,0,48.6983,10.4091,18.5269,13.179,23.3872,16.3354,0,0,5.90171,9.48959,0,0,1.93736,0,0,7.06644,9.67429,0,9.42572,2.44397,0,0,10.3046,0,0,13.6621,0,0,0,0,22.7635,0,19.0178,1.78614,26.3478,0,0,0,6.11569,2.20102,7.73192,0,4.4777,15.4715,0,28.2204,8.31996,10.728,0,13.5354,22.8441,1.64239,18.084,3.83029,20.5892,3.25729,0,0,7.35932,0,0,0,10.4924,0,17.391,5.70453,16.5376,0,0,0,3.27638,0,10.2482,14.8671,15.4282,0.280877,1.34861,7.10932,6.48554,9.7181,28.0846,11.5685,0,2.86049,9.19216,39.6533,13.6659,0,0,11.6702,1.36545,16.9028,6.02903,0,0,0,16.4885,0,29.0253,0,4.23481,24.3278,0,18.9095,0.468166,0,12.7057,5.87791,36.838,0,0,17.7872,23.8139,0,0,0,11.7845,0,5.2288,11.3316,0,5.20697,0,11.6492,0,1.80256,0,0,0,6.73136,15.2002,17.5097,0,0,0,25.9378,2.63363,6.75359,0,3.38895,0,0,2.65269,5.25824,19.2007,10.4296,9.54929,2.90473,0,0,0,0,0,0,22.1862,12.8449,0,12.7489,0,30.4559,35.0473,15.0074,16.426,0,0,28.3096,0,0,11.0074,8.51082,13.4348,7.42781,0,0,0,0,0,9.96617,0,15.7906,8.33665,24.8749,16.0971,4.65256,11.9559,0,12.114,0,4.4489,17.7985,0,0,11.2304,15.8547,0,0,0,0,0.544905,0,0,0,22.7059,0,0,0,12.5557,19.0197,0,0,0
2046,0,39.8487,12.0594,0,4.17348,3.33198,0.217211,0,47.1004,14.4454,0,0,5.36535,14.9318,0.711186,0,0,0,64.1399,0,28.8756,14.8453,8.58896,3.22111,0,4.30722,0,0,34.5993,0,4.0372,22.4807,2.8492,6.00836,28.8553,29.7472,0,0,5.52063,12.2719,14.9407,9.15056,0,0,0,0,5.10617,6.56242,5.36448,15.5657,15.4046,49.1724,0,10.6866,11.0556,0,0,0,0,0,19.2996,11.9485,12.47,11.9378,0,8.90595,2.30657,17.1676,15.4184,0,11.5606,0,0,17.1214,14.1734,30.0134,0,4.42697,7.24678,14.5427,1.28261,0,6.45419,10.3712,0,7.12477,9.83087,0,13.602,0,0,4.30013,13.0778,0,0,10.696,9.73597,9.67193,15.965,0,18.512,10.0465,0,10.7621,7.19632,2.97253,21.7026,12.64,2.6352,0,7.70817,0,5.20239,0,0,2.9457,5.89845,0,0,17.2342,11.0383,0.433127,1.02025,0,0,15.8888,0,8.98254,9.00186,9.50721,0,0,12.7474,10.9486,8.63361,3.41987,1.31135,14.5702,29.7805,5.88586,7.79245,0,8.17062,0,48.9136,9.24667,17.5093,12.0988,23.0119,15.35,0,0,3.98917,6.39078,0,0,2.29173,0,0,6.96688,9.70357,0,10.3173,3.5707,0,0,10.3105,0,0,10.035,0,0,0,0,20.7973,0,18.6166,0,24.9846,1.34064,0,0,5.17245,1.63613,6.80213,0,0,14.9763,0,31.2569,9.53724,8.87393,0,12.1946,20.9806,1.59249,17.6427,4.24187,19.9687,2.70817,1.24703,0,7.01447,0,0,0,14.0251,0,17.65,5.09831,15.4775,0,0,0,3.83455,0,10.3133,15.3828,12.6771,1.79664,0,7.16181,6.89419,8.79102,29.7187,10.7457,0,2.7744,8.53932,40.3404,12.5612,0,0,11.03,3.13216,16.0216,5.19886,0,0,0,16.5227,0,28.08,0,4.7697,23.4803,0,20.5525,0,0,13.3128,2.77207,35.7738,0,0,17.7186,23.0151,0,0,0,10.2171,0,5.51192,12.2235,0,5.34901,0,9.07415,0,4.00315,0,0,0,6.74694,15.8669,16.4441,0,0,0,23.2882,2.58918,6.00518,0,3.32217,0,0,2.17089,5.07398,18.0681,9.67717,12.7165,2.75529,0,0,0,0,0,0,21.7441,12.5827,0,12.3762,0,27.4445,30.0161,13.2246,16.8341,0,0,27.3102,0,0,11.6304,10.0371,11.9726,8.05221,0,0,0,0,0,6.11224,0,16.1121,8.78125,25.1487,15.2543,5.47946,9.95898,0,11.3806,0,4.07444,17.4779,0,0,10.2512,15.9464,0,0,0,0,1.78281,0,0,0,20.7485,0,0,0,13.7749,17.7103,0,0,4.42144
2047,0,49.3906,10.1854,0,2.41702,2.62448,0,0,46.7291,12.5568,0,0,5.39882,15.3462,0.532189,0,0,0,60.3528,0,26.8076,11.1547,8.30587,3.95329,0,4.58688,0,0,34.4763,0,4.79004,22.0106,3.41124,5.79024,28.0298,26.996,0,0.290821,8.00639,11.6014,13.7301,9.23272,0,0,0,0.226901,3.73735,5.62555,5.25515,15.1887,15.5438,49.4227,0,10.7207,10.9472,0,0,0,0,0,17.9606,10.589,13.3837,10.9117,0,9.28276,1.99159,19.131,13.4052,0,11.3645,0,0,14.023,13.8723,28.3397,0,3.92543,7.5787,11.5851,3.50009,6.91293,6.72226,12.4096,0,7.40288,10.824,0,12.3986,0,0,6.59247,11.4515,0,0,4.52598,9.80014,5.11296,16.8422,3.04848,17.9,9.68992,4.79633,10.5755,7.21515,4.932,20.997,11.4269,5.42864,0,4.59349,0,5.54713,0,0,1.92597,6.75681,0,0,17.3551,10.1352,4.58952,1.06858,0,0,15.2821,0,8.75827,5.83333,9.46678,0,0,13.093,10.155,4.3318,12.262,0,10.9965,29.8929,6.96863,12.7667,0,7.11066,0,49.1437,7.70539,15.675,10.7499,22.1144,14.0883,0,0.0948527,1.94219,0.42194,0,0,2.87201,0,0,6.6741,9.8995,0,11.0538,4.42994,0,0,10.1842,0,0,5.49536,0,0,0,0,17.2343,0,18.2204,0,22.5339,5.60018,0,0,4.06625,0.927078,6.37215,0,0,14.3642,0,32.8297,9.7234,6.58484,0,10.2504,18.8823,1.3888,17.0188,4.69764,19.1364,1.31821,2.58929,0,6.83627,0,0,0,15.6092,0,17.9273,4.25303,14.236,0,0,0,3.54892,0,9.93693,14.979,8.5523,2.70454,0,7.10331,6.99437,7.30732,30.0405,9.80845,1.02415,2.79245,7.7628,40.1738,11.4262,0,0.00862618,10.5894,6.69234,14.8241,3.76608,0,0,0,16.403,0,26.6321,0,5.08832,22.1277,0,22.9463,0,0,14.9313,0,33.7786,0,0,17.6159,21.6863,0,0,0,8.4422,0,5.594,12.7368,0,5.41784,0,5.31651,0,5.88101,0,0,0,6.98489,16.0077,15.0024,0,0,0,19.6727,2.41852,5.0938,0,3.262,0,13.166,1.47716,4.73523,16.455,8.70116,15.0393,2.55552,0,0,0,0,0,0,20.8702,12.3682,0,11.6243,0.171444,19.6238,23.2213,10.5846,17.2516,0,0,25.3078,0,0,11.7008,10.8145,10.019,8.54203,1.54961,0,0,0,0,0.893912,0,16.4553,9.19663,25.4542,13.8629,5.62024,6.68829,0,10.322,0,3.64881,17.1409,0,0,8.91623,15.7445,0,0,0,0,2.58601,0,0,0,17.4567,0,0,0,14.8428,16.1184,0,4.32712,8.8364
2048,0,57.3355,8.73799,0,0.978968,2.07294,0,0,46.9052,11.1378,0,0,5.45678,16.0393,0.385619,0,0,0,58.0034,0,25.8802,8.27022,8.17769,4.49351,0,5.12297,0,0,34.5333,0,5.354,21.7474,3.91108,5.62689,27.4773,25.037,0,4.64001,9.98864,11.1759,12.9693,9.39104,0,0,0,0.8452,2.58657,4.94952,5.22584,15.0078,15.8399,50.8069,0,10.6654,10.8909,0,0,0,0,0,17.0572,9.52791,14.1449,10.2187,0,9.7262,1.72231,20.7732,11.8926,0.235351,11.2872,0,0,11.554,13.7834,27.4994,0,3.53127,7.84639,9.27121,5.22641,17.4103,7.01096,14.0043,0,7.68762,11.6872,0,11.7756,0,0,8.33133,10.2433,0,0,0,9.94526,1.335,17.5923,5.67125,17.6441,9.50449,8.98673,10.552,7.24367,6.48878,20.6721,10.4631,7.52622,0,2.61721,0,5.83488,0,0,1.0485,7.43337,0,0,17.5346,9.66957,7.79221,1.22217,0,0,14.9128,0,8.65977,3.27372,9.74596,0,0,13.3913,9.63138,1.43576,19.26,0,8.11462,30.2706,7.80115,16.5872,0,6.43302,0,49.8167,6.4712,14.4036,9.77589,21.7451,13.1785,0,2.52051,0.216482,0,0,0.0341316,3.37262,0,0,6.54597,10.2024,0,11.7099,5.116,0,0,10.2432,0,0,1.70836,0,0,0,0,14.5793,0,18.0851,0,20.7778,8.71549,0,0,3.17774,0.547259,5.93563,0,0,14.0506,0,34.368,9.97513,4.73521,0,8.76273,17.264,1.29319,16.6489,5.38487,18.5981,0.417118,3.55682,0,6.70862,0,0,0,18.0623,0,18.4484,3.61228,13.2969,0,0,0,3.54803,0,9.77565,14.8427,5.29675,3.49669,0,7.11091,7.15089,6.18564,30.5079,9.10851,2.2772,2.83549,7.20318,40.5339,10.5386,0,1.17562,10.3701,9.43423,13.9451,2.67505,0,0,0,16.4853,0,25.6473,0,5.38716,21.1468,0,24.9153,0,0,16.1367,0,32.5169,0,0,17.6032,20.8344,0,0,0,6.99024,0,5.70398,13.2524,0,5.63722,0,2.28683,0,7.33147,0,0,0,7.26088,16.2362,14.0022,0,0,0,16.8847,2.30695,4.38307,0,3.33033,0,24.4966,0.928912,4.6046,15.3229,7.99412,16.9357,2.43674,0,0,0,0,0,0,20.3056,12.2628,0,11.1167,2.3082,14.4312,17.8672,8.55283,17.9467,0,0,23.9565,0,0,11.8335,11.4899,8.50858,8.96948,9.3026,0,0,0,0,0,0,17.0558,9.55388,26.0969,12.846,5.74436,4.14456,0,9.55874,0,3.35041,17.027,0,0,7.90585,15.6861,0,0,0,0,3.36722,0,0,0,14.974,0,0,0,15.719,14.968,0,10.04,13.105
2049,0,65.1443,7.73822,0,0,1.78336,0,0,48.1838,10.4808,0,0,5.5887,17.2241,0.284229,0,0,0,57.6732,0,26.8791,6.36602,8.25308,4.93729,0,6.10147,0,0,34.9229,0,5.85996,21.8371,4.46801,5.57473,27.2995,24.0493,0,7.89092,11.7821,11.0729,12.7851,9.71452,2.0328,0,0,1.3661,1.73203,4.59239,5.37844,15.1329,16.4254,54.1775,0,10.7464,10.9881,0,0.298083,0,0,0,16.6692,8.88022,14.9174,9.90493,0,10.3769,1.58671,22.4459,11.0239,1.12627,11.4296,0,0,9.88378,14.0249,27.8853,0,3.34609,8.13538,7.75551,6.7546,26.4727,7.42212,15.4374,0,8.08553,12.5963,0,11.7581,0,0,9.78476,9.47444,0,0.784463,0,10.2664,0,18.4456,7.88299,17.8992,9.56414,12.4786,10.818,7.37606,7.91111,20.9002,9.91808,9.2669,0,1.68296,0,6.16009,0,0,0.402221,8.05915,0,0,17.9319,9.84777,10.735,1.54721,0,0,14.9376,0,8.753,1.43771,10.5778,0,0,13.8119,9.49738,0,25.56,0,6.20975,31.1166,8.5506,19.8637,0,6.11254,0,51.2856,5.6465,13.8057,9.38975,22.1985,12.7508,0,4.56371,0,0,0,1.41418,3.88747,0,0,6.66027,10.7464,0,12.4339,5.7627,0,0,10.5867,0,0,0,0,0,0,0,12.7705,0,18.3925,0,19.7089,11.2068,0,0,2.56529,0.541876,5.63266,0,0,14.1974,0,36.3567,10.489,3.49585,0,7.78525,16.3478,1.3355,16.6697,6.45973,18.4708,0,4.30757,0,6.71061,0,0,0,22.4397,0,19.3995,3.16228,12.7553,0,0,0,3.90135,0,9.8665,15.0519,2.89005,4.33629,0,7.26431,7.44732,5.48288,31.4325,8.72505,3.28413,2.96038,6.96154,41.8007,10.0477,0,2.05863,10.5666,11.7792,13.5277,1.89784,0,0,0,16.9179,0,25.1846,0,5.74657,20.7062,0,26.8571,0,0,17.1695,0,32.2511,0,0,17.7826,20.5868,0,0,0,5.9664,0,5.89675,13.932,0,6.10797,0,0.09667,0,8.58861,0,0,0,7.68524,16.682,13.568,0,0,0,15.0163,2.26927,3.89734,0,3.62867,0,36.3579,0.587009,4.79618,14.7323,7.65631,18.7821,2.44908,0,0,0,0,0,0,20.1457,12.3997,0,10.9063,4.25711,11.5175,14.1719,7.19948,19.1419,0,0,23.3611,0,0.569289,12.1493,12.2616,7.57571,9.45558,15.1565,0,0,0,0,0,0,18.1085,9.97881,27.3284,12.211,5.94378,2.26422,0,9.15606,0,3.26958,17.3012,0,0,7.29227,15.8539,0,0,0,0,4.2954,0,0,0,13.3321,0,0,0,16.585,14.4211,0,14.6609,18.1039
2050,0,73.8052,7.19347,0,0,1.82322,0,0,50.9229,10.7722,0,0,5.82659,19.0359,0.235983,0,0,0,59.7233,0,30.3108,5.54515,8.56152,5.35026,0,7.64004,0,0,35.7417,0,6.39683,22.372,5.16149,5.67002,27.5579,24.1394,0,10.7641,13.6011,11.3397,13.2551,10.2604,3.55626,0,0,1.88393,1.22222,4.58841,5.77871,15.6334,17.3845,60.0822,0,11.1137,11.3046,0,1.0283,0,0,0,16.8423,8.71708,15.8111,9.9957,0,11.3259,1.64209,24.3842,10.8857,2.47139,11.856,0,0,9.11522,14.6711,29.7441,0,3.43534,8.50264,7.1305,8.285,35.2989,8.0222,16.9011,0,8.66641,13.6683,0,12.3535,0,0,11.1373,9.15281,0,2.97824,0,10.8249,0,19.5552,9.95709,18.7616,9.91481,15.7201,11.4542,7.674,9.38154,21.7883,9.90007,10.8839,0,1.71086,0,6.58569,0,0,0.0437862,8.72285,0,0,18.6504,10.7989,13.7645,2.08567,0,0,15.4557,0,9.07908,0.392033,12.1109,0,0,14.4665,9.82763,0,31.9039,0,5.46064,32.5587,9.33037,23.015,0,6.12663,0,53.7737,5.29425,13.9456,9.72634,23.6607,12.8857,0,6.70031,0,0,0,3.29283,4.4793,0,0,7.06547,11.6175,0,13.3244,6.46057,0,0,11.2769,0,0,0,0,0,0,0,11.7538,0,19.2575,0,19.3107,13.3852,0,0,2.26421,0.93599,5.5559,0,0,14.9066,0,39.1144,11.3932,2.97314,0,7.34653,16.2732,1.53378,17.1673,8.02081,18.8268,0,4.94855,0,6.89353,0,0,0,29.4348,0,20.8986,2.8909,12.669,0,0,0,4.65003,0,10.2303,15.6534,1.3062,5.3323,0,7.61477,7.93749,5.2312,33.0166,8.70651,4.17204,3.20424,7.10105,44.2159,10.048,0,2.86343,11.303,14.0167,13.6611,1.41096,0,0,0,17.7948,0,25.2747,0,6.21965,20.9114,0,29.039,0,0,18.1939,0,33.1431,0,0,18.2194,21.0196,0,0,0,5.43535,0,6.20781,14.8815,0,6.89416,0,0,0,9.81301,0,0,0,8.32982,17.4291,13.7749,0,0,0,14.116,2.31443,3.64972,0,4.22185,0,49.9657,0.489518,5.38173,14.7151,7.74953,20.8326,2.62435,0,0,0,0,0,0,20.4485,12.8649,0,11.0239,6.45767,10.6134,12.2589,6.56204,20.9789,0,0,23.581,0,1.67126,12.7263,13.2609,7.3024,10.0804,20.2504,0,0,0,0,0,0,19.7366,10.5549,29.3078,11.9566,6.27936,0.994678,0,9.15235,0,3.46386,18.0687,0,0,7.11825,16.3,0,0,0,0,5.48188,0,0,0,12.5399,0,0,0,17.5624,14.5777,0.413848,18.7864,24.4094
2051,0,83.8155,7.09219,0,0,2.21788,0,0,55.2369,12.077,0,0,6.18181,21.5103,0.244231,0,0,0,64.225,0,36.3273,5.82959,9.10512,5.77098,0,9.76886,0,0,37.0158,0,7.01315,23.3778,6.02667,5.92636,28.2607,25.3129,0,13.5006,15.5629,11.9817,14.3863,11.0465,4.88934,0,0,2.44127,1.0824,4.93971,6.45002,16.5256,18.7403,68.6717,0,11.8445,11.8653,0,1.8563,0,0,0,17.5707,9.06082,16.8792,10.4828,0,12.6049,1.91502,26.7021,11.4956,4.33377,12.5859,0,0,9.2811,15.7391,33.1302,0,3.82592,8.97522,7.4188,9.92883,44.5269,8.83654,18.5,0,9.45798,14.9576,0,13.527,0,0,12.4978,9.2624,0,5.03905,0,11.64,1.23685,20.9908,12.0533,20.2487,10.5649,18.975,12.4838,8.16353,10.9986,23.3569,10.4514,12.515,0,2.59486,0,7.14105,0.29274,0,0.0012136,9.47129,0,0,19.7286,12.5518,17.0685,2.84778,0,0,16.4963,0,9.6469,0.158113,14.3859,0,0,15.4042,10.6397,0,38.7014,0,5.93649,34.6297,10.2019,26.2815,0,6.44131,0,57.3405,5.43669,14.8208,10.8282,26.1774,13.6018,0,9.08424,0,0,0,5.81141,5.17816,0,0,7.77157,12.8431,0,14.4255,7.25689,0,0,12.3266,0,0,0,0,0,0,0,11.4642,0,20.7114,0,19.5378,15.4433,0,0,2.28661,1.71738,5.75701,0,0,16.203,0,42.7714,12.7375,3.20795,0,7.44237,17.0852,1.88749,18.1627,10.092,19.6794,0.0439493,5.54654,0,7.27759,0,0,0,39.2821,0,22.9767,2.78437,13.05,0,0,0,5.79227,0,10.861,16.6482,0.515374,6.53587,0,8.17954,8.63945,5.43062,35.333,9.06378,5.01639,3.58137,7.63935,47.8433,10.5741,0,3.65402,12.6197,16.3143,14.3704,1.19129,0,0,0,19.1409,0.638679,25.9017,0,6.829,21.7899,0,31.5949,0.250869,0,19.3017,0,35.2192,0,0.124728,18.9342,22.1366,0,0,0,5.42363,0,6.64954,16.1428,0,8.01208,0,0,0,11.096,0,0,0,9.22119,18.5056,14.6318,0,0,0,14.1767,2.44298,3.6399,0,5.12867,0,65.8827,0.649705,6.37868,15.2576,8.28821,23.2159,2.97173,0,0,0,0,0,0,21.2193,13.6885,0,11.4683,9.05597,11.4395,12.1473,6.63631,23.4962,0,0,24.6039,0,2.99906,13.5924,14.5475,7.7104,10.8799,25.0343,0,0,0,0,0,0,21.9722,11.3199,32.0763,12.0624,6.77805,0.292924,0,9.54953,0,3.95254,19.3588,0,0,7.38998,17.0358,0,0.475858,0,0,6.97256,0,0,0,12.5674,0,0,0,18.7118,15.4605,1.36155,22.7628,32.2623
2052,0,95.2008,7.38271,0,0,2.93877,0,0,60.9774,14.3084,0,0,6.6443,24.5775,0.304777,0,0,0,70.9105,0,44.6769,7.11182,9.85497,6.21395,0,12.4257,0,0,38.6972,0,7.71894,24.8069,7.05541,6.33069,29.3557,27.4457,0,16.2131,17.6954,12.9555,16.1018,12.0497,6.11871,0,0,3.05043,1.28966,5.60628,7.36922,17.7673,20.4509,79.6647,0,12.9317,12.6509,0,2.79656,0,0,0.536819,18.7847,9.86565,18.1205,11.3149,0,14.1849,2.39343,29.3974,12.7773,6.66837,13.5894,0,0,10.2992,17.183,37.8784,0,4.49576,9.55064,8.53339,11.7162,54.3602,9.84827,20.2582,0,10.4448,16.4576,0,15.1909,0,0,13.9084,9.74789,0,7.09969,0,12.6874,5.57899,22.7392,14.2322,22.2901,11.481,22.3473,13.8678,8.83245,12.7831,25.5296,11.5278,14.2144,0,4.18415,0,7.82189,13.5992,0,0.266053,10.3121,0,0,21.1371,15.0202,20.6878,3.8095,0,0.869155,18.008,0,10.43,0.665898,17.3269,0,0,16.6105,11.8833,0.948408,46.0578,0.000380426,7.54037,37.2624,11.1781,29.7442,0,7.00478,0,61.8726,6.032,16.3436,12.6251,29.6377,14.8395,0,11.7456,0,0,0,8.91901,5.98258,0,0,8.74537,14.3896,0,15.7276,8.15801,0,0,13.6957,0,0,2.98044,0,0,0,0,11.7947,0,22.6939,0,20.297,17.4731,0,0,2.60486,2.83204,6.23159,0,0,18.0248,0,47.2664,14.4881,4.13995,0,8.01324,18.7046,2.37637,19.6037,12.6173,20.9733,0.523236,6.13385,0,7.84757,0,0,0,51.7099,0,25.5723,2.81931,13.8505,0,0,0,7.27781,1.35927,11.7222,17.9864,0.430563,7.94144,0,8.93916,9.53384,6.03149,38.3195,9.75867,5.85273,4.08129,8.53768,52.5549,11.5826,0,4.45762,14.4631,18.7311,15.5997,1.20158,0,0,0,20.907,1.75434,26.9932,0,7.5666,23.2745,0,34.5305,1.39214,0,20.5192,0,38.3463,0,0.271998,19.9003,23.856,0.263876,0,0,5.89125,0,7.21022,17.6933,0,9.42664,0,0,0,12.4662,0,0,0,10.3391,19.8802,16.0659,0,0,0,15.0928,2.64498,3.84285,0,6.31786,0,84.0243,1.0456,7.7436,16.2881,9.227,25.9413,3.47436,0,0,0,0,0,0,22.4028,14.8393,0,12.1994,12.0601,13.6639,13.6613,7.34479,26.6229,0,0,26.3277,0,4.55441,14.7229,16.1103,8.73483,11.8469,29.7271,0,0,0,0,0,0,24.7508,12.2653,35.5504,12.4781,7.43128,0.0868616,0,10.3018,0,4.70949,21.1189,0,0,8.06061,18.0291,0,2.07194,0,0,8.74714,0,0,0,13.3124,0,0,0,20.0347,16.9953,2.55591,26.7476,41.5622
2053,0,107.579,7.9578,0,0,3.89636,0,0,67.7522,17.2124,0,0,7.18453,28.0723,0.403438,0,0,0,79.1775,0,54.7104,9.11827,10.7531,6.67387,0,15.4652,0,0,40.6715,0,8.49028,26.5416,8.20238,6.84252,30.7331,30.2745,0,18.9107,19.9511,14.1697,18.2403,13.2093,7.27775,0,0,3.69742,1.75018,6.50189,8.46835,19.2603,22.4162,92.3793,0,14.2789,13.5995,0,3.8207,0,0,4.73714,20.3496,11.0058,19.487,12.3965,0,15.9824,3.02141,32.3682,14.5464,9.3472,14.7909,0,0,11.9383,18.898,43.6111,0,5.36799,10.2004,10.2485,13.6093,64.6404,11.0026,22.1323,0,11.5726,18.1088,0,17.2068,0,0,15.3564,10.5062,0,9.1637,0,13.9028,11.4777,24.7146,16.4725,24.7333,12.5898,25.81,15.5087,9.63205,14.6902,28.1394,12.9867,15.9669,0,6.28268,0,8.59374,28.9381,0,0.748084,11.2194,0,0,22.7851,18.0059,24.5383,4.91531,0,1.77838,19.861,0,11.3693,1.71246,20.7504,0,0,18.0121,13.4397,2.72767,53.8218,1.74213,9.96474,40.2996,12.2307,33.3516,0,7.74736,0,67.1011,6.95656,18.3349,14.9267,33.7818,16.4553,0,14.6123,0,0,0,12.4535,6.86381,0,0,9.91242,16.1683,0,17.1747,9.13505,0,0,15.2954,0,0,7.31832,0,0,0,0,12.5741,1.53894,25.0595,0,21.4408,19.485,0.369274,0,3.13828,4.18882,6.90735,0,0,20.2269,0,52.3676,16.5336,5.57897,0,8.92882,20.9114,2.96303,21.3677,15.4686,22.586,1.17693,6.71435,0,8.55275,0,0,0,65.9654,0,28.5413,2.95701,14.9563,0,0,0,9.01161,3.18799,12.7485,19.5717,0.858976,9.49392,0,9.8397,10.5675,6.92326,41.7918,10.6989,6.68449,4.66978,9.69701,58.0474,12.9416,0,5.27144,16.6891,21.2361,17.2065,1.37846,0,0,0,22.976,3.06865,28.421,0,8.3975,25.1993,0.286992,37.7423,2.80096,0,21.8174,0,42.234,0,0.404592,21.0479,26.0102,1.0712,0,0,6.70853,0,7.85635,19.4537,0,11.056,0,0.0669033,0,13.8998,0,0,0.204932,11.621,21.4687,17.9184,0,0,0,16.6311,2.89961,4.20064,0,7.71123,0,103.738,1.61199,9.37454,17.6736,10.4561,28.9149,4.08939,0,0,0,0,0,0,23.8848,16.2276,0,13.1382,15.3636,16.8953,16.3586,8.5138,30.1893,0,0,28.5583,0,6.27809,16.045,17.8759,10.2069,12.9366,34.3619,0,0,0,0,0,0,27.9206,13.3414,39.5342,13.118,8.19707,0.24032,0,11.3118,0,5.66109,23.2188,0,0,9.02065,19.208,0,3.57084,0,0,10.7267,0,0,0,14.5783,0,0,0,21.4825,19.0026,3.93007,30.7444,51.9055
2054,0,120.271,8.68285,0,0.156659,4.9647,0,0,74.994,20.4324,0,2.28796,7.75898,31.7591,0.521008,0,0,0,88.1941,0,65.5035,11.4864,11.7206,7.1311,0,18.6801,0,0,42.7758,0,9.27946,28.4159,9.39423,7.40398,32.2433,33.447,0,21.5273,22.2275,15.4996,20.5828,14.4373,8.36151,0,0,4.34959,2.33918,7.51127,9.6486,20.8674,24.493,105.842,0,15.7367,14.6204,0,4.87375,0,0,9.14537,22.0868,12.3104,20.8965,13.6021,0,17.8738,3.71767,35.4398,16.5546,12.1768,16.0823,0,0,13.8906,20.7371,49.8017,0,6.33321,10.8773,12.2638,15.5205,74.9431,12.2173,24.0295,0,12.7592,19.8129,0,19.3982,0,0,16.7893,11.4069,7.4998,11.1787,0,15.1929,18.1034,26.7782,18.693,27.367,13.7901,29.2402,17.267,10.4889,16.627,30.9542,14.6286,17.7075,0,8.65678,0,9.40062,45.4418,0,1.33802,12.1431,0,0,24.5377,21.2325,28.4449,6.08651,0.0657515,2.69597,21.8717,0,12.3818,3.03258,24.3948,0,0,19.4948,15.1443,4.82828,61.6543,3.61279,12.7901,43.5179,13.3018,36.9553,0,8.58534,0,72.6428,8.04422,20.5565,17.4668,38.2444,18.2528,0,17.5348,0,0,0,16.1715,7.77311,0,0,11.1691,18.05,0,18.6763,10.1336,0,0,17.0012,0,0,12.2796,0,0,0,0,13.5993,3.50742,27.6014,0,22.7875,21.4311,1.24128,0,3.7796,5.66647,7.67713,0,0,22.6062,0,57.719,18.7078,7.26672,0,10.0209,23.4028,3.59623,23.2832,18.4642,24.3488,1.93549,7.2719,0,9.31929,0,0,0,80.9516,0,31.678,3.15173,16.2132,0,0,0,10.8652,5.07212,13.8535,21.2734,1.56825,11.1019,0,10.803,11.6628,7.96111,45.4774,11.7594,7.49181,5.29629,10.9804,63.8897,14.4679,0,6.07085,19.0914,23.7329,18.9943,1.6478,0,0,0.399063,25.1816,4.47652,30.0182,0,9.267,27.3354,1.67277,41.0461,4.34155,0,23.1274,0,46.4839,0,0.523491,22.2761,28.3734,1.87041,0,0,7.70244,0,8.53865,21.3029,0,12.7839,0,1.48404,0,15.3348,0,0,1.16082,12.9736,23.1478,19.9747,0,1.13919,0,18.4917,3.17885,4.63871,2.32304,9.19692,0,123.952,2.25939,11.1283,19.2413,11.8254,31.9679,4.75639,0,0,0,0,0,0,25.5099,17.7235,0,14.1796,18.7717,20.69,19.6641,9.91903,33.9528,0,0,31.0394,0,8.06711,17.4517,19.7256,11.8992,14.0766,38.837,0,0,0,0,0,0,31.2657,14.4694,43.7492,13.8757,9.0105,0.595985,0,12.4495,0,6.70322,25.4733,0,0,10.1246,20.4718,0,4.99372,0,0,12.7891,0,0,0,16.1176,0,0,0,22.9696,21.2374,5.38791,34.6454,62.6648
2055,0,132.436,9.41121,0,0.683041,5.99976,0,0,82.0486,23.5617,0,9.05534,8.31714,35.3678,0.63584,0,0,0,97.0175,0,75.9949,13.8112,12.6683,7.55794,0,21.8327,0,0,44.8242,0,10.0259,30.2398,10.543,7.94858,33.7178,36.5689,0,23.9531,24.3924,16.8048,22.8824,15.6322,9.34157,0,0,4.96398,2.91706,8.50533,10.7957,22.4322,26.517,118.934,0,17.1283,15.6086,0,5.88622,0,0,13.517,23.797,13.5866,22.2491,14.7923,0,19.7157,4.38804,38.3991,18.5231,14.93,17.3393,0,0,15.8116,22.5329,55.8507,0,7.26582,11.5247,14.2436,17.3344,84.695,13.3959,25.8301,0,13.9079,21.4517,0,21.5718,0,0,18.132,12.3072,26.0401,13.0597,0,16.4499,24.4768,28.7641,20.7792,29.9511,14.9666,32.4602,18.983,11.317,18.474,33.7105,16.2258,19.3426,0,11.0579,0,10.1755,61.322,0,1.90865,13.0201,0,0,26.2379,24.3855,32.1827,7.23294,0.455131,3.5681,23.8304,0,13.3735,4.33168,27.9593,0,0,20.9236,16.8104,6.98528,69.113,5.52693,15.5423,46.6619,14.3171,40.3531,0,9.42945,0,78.0591,9.10836,22.7425,19.9417,42.6082,20.0102,0,20.3212,0,0,0,19.7882,8.65123,0.607454,0,12.3978,19.8856,0,20.1248,11.0857,0,0,18.6711,0,0,17.065,0,0,0,0,14.655,5.42129,30.0835,0,24.1408,23.2288,2.10112,0,4.40892,7.12954,8.41604,0,0,24.931,0,62.901,20.8169,8.91173,0,11.1039,25.836,4.21798,25.1549,21.3961,26.0711,2.71422,7.77867,0,10.0618,0,0,0,95.398,0.704514,34.7468,3.35509,17.4483,0,0,0,12.694,6.88716,14.941,22.9445,2.30958,12.6551,0,11.739,12.7296,8.98424,49.0594,12.7993,8.2412,5.90199,12.2325,69.5877,15.9526,0,6.81868,21.4325,26.0882,20.7403,1.93138,1.1139,0,1.77334,27.3333,5.85712,31.6005,0,10.1102,29.4232,2.97702,44.2156,5.83525,0,24.3588,0,50.6456,0,0.626002,23.4691,30.692,2.6348,0,0,8.67922,0,9.19999,23.0988,0,14.4768,0,2.8205,0,16.6881,0.389104,0,2.08565,14.2882,24.7749,21.9937,0,4.65656,0,20.3439,3.45124,5.07485,4.51659,10.6463,0,143.373,2.88641,12.8414,20.7995,13.1652,34.8913,5.40627,0,0,0,0,0,0,27.1036,19.1769,0,15.2056,22.042,24.5878,22.941,11.3127,37.6348,3.93778,0,33.4858,0,9.79515,18.8191,21.5175,13.5563,15.1804,42.9711,0,0,0,0,0,0,34.5387,15.5549,47.8766,14.6352,9.79485,0.988918,0,13.5697,0,7.71658,27.6707,0,0,11.2099,21.7055,0,6.28972,0,0,14.7902,0,0,0,17.6607,0,0,0,24.3911,23.4231,6.82037,38.2781,73.0971
2056,0,143.231,10.0027,0,1.05364,6.86077,0,0,88.2754,26.2028,0,15.1124,8.80949,38.6347,0.726897,0,0,0,104.731,0,85.1467,15.7012,13.5102,7.92519,0,24.6902,0,0,46.6355,0,10.668,31.8285,11.5612,8.41132,34.994,39.2591,0,26.0661,26.31,17.9493,24.8996,16.695,10.1803,0,0,5.49621,3.34856,9.35916,11.7977,23.8028,28.328,130.565,0,18.2784,16.4608,0,6.78733,0,0,17.4547,25.2885,14.6472,23.445,15.8331,0,21.3671,4.93998,41.0329,20.1821,17.3825,18.4411,0,0,17.3677,24.1223,61.1745,0,8.0429,12.0859,15.8627,18.9321,93.2993,14.4439,27.4119,0,14.9236,22.9074,0,23.5426,0,0,19.305,13.0707,42.5762,14.7128,0.623109,17.5685,29.6373,30.5074,22.6093,32.2519,16.0075,35.2808,20.5003,12.0318,20.1095,36.1521,17.5564,20.7728,0,13.2514,0,10.8515,74.8291,0,2.33607,13.7866,0,0,27.7314,27.1582,35.5214,8.2665,0.722585,4.3386,25.5325,0,14.2525,5.32533,31.15,0,0,22.1649,18.2562,8.94906,75.7428,7.30801,17.7599,49.4829,15.2012,43.3341,0,10.1955,0,82.9222,9.96813,24.6359,22.0551,46.4661,21.5124,0.711094,22.7747,0,0,0,23.0224,9.43889,4.45982,0,13.4837,21.5289,0,21.4129,11.9223,0,0,20.167,0,0,20.8918,0,0,0,0,15.5383,7.12486,32.2753,0,25.3148,24.7858,2.88348,0,4.9102,8.447,9.00095,0,0,26.9755,0,67.4999,22.6698,10.2306,0,11.9994,27.8772,4.77196,26.7926,24.0613,27.5679,3.4343,8.20353,0,10.6966,0,0,0,108.059,4.8594,37.5181,3.52155,18.4939,0,0,0,14.3581,8.50543,15.9182,24.4428,2.84683,14.043,0,12.5594,13.6798,9.83762,52.227,13.6821,8.89539,6.42908,13.3021,74.6594,17.1925,0,7.47479,23.4801,28.1623,22.2281,2.15557,4.01819,0,3.01142,29.2453,7.09259,32.9908,0,10.8629,31.2108,4.14724,47.0233,7.10718,0,25.4182,0,54.2822,0,0.707945,24.5134,32.7209,3.32,0,0,9.45125,0,9.78439,24.7011,0,16.0045,0,3.82773,1.33034,17.8733,1.19195,0,2.92529,15.4578,26.2106,23.7416,0,7.81605,0,21.8702,3.68639,5.43007,6.5002,11.9336,0,160.714,3.39433,14.3544,22.1642,14.3108,37.4747,5.97158,0,0,0,0.998001,0,0,28.4968,20.4409,0,16.1029,24.9293,28.16,25.5754,12.4567,40.9633,8.15167,0,35.6228,0,11.335,20.0252,23.11,14.9305,16.1619,46.5596,0,0,0,0,0,0,37.4983,16.5044,51.6052,15.2863,10.4742,1.26425,0,14.5321,0,8.58457,29.6042,0,0,12.1195,22.7976,0,7.39806,0,0,16.5871,0,0,0,18.9496,0,0,0,25.6421,25.2911,8.12132,41.4529,82.4667
2057,0,151.953,10.3426,0,1.1616,7.4312,0,0,93.1463,28.027,0,20.0392,9.19521,41.3426,0.776783,0,0,0,110.581,0,92.1013,16.8332,14.1755,8.20822,0,27.0605,0,0,48.0618,0,11.1541,33.0302,12.3761,8.73861,35.9387,41.2042,0,27.7615,27.8671,18.821,26.4374,17.5439,10.8436,0,0,5.90896,3.52196,9.9698,12.5618,24.8541,29.7945,139.835,0,19.0416,17.0924,0,7.51761,0,0,20.6308,26.4038,15.338,24.4016,16.6144,0,22.7118,5.29672,43.164,21.3088,19.3482,19.2879,0,0,18.2839,25.3711,65.2916,0,8.56278,12.5144,16.8532,20.2136,100.253,15.2828,28.6726,0,15.7278,24.0826,0,25.1596,0,0,20.2413,13.5854,55.9742,16.0572,0.829269,18.4619,32.7878,31.872,24.0806,34.0773,16.8207,37.5415,21.6901,12.5631,21.4314,38.0681,18.4366,21.9136,0,15.0458,0,11.3735,84.5178,0,2.51769,14.3892,0,0,28.8911,29.2979,38.2682,9.11443,0.810923,4.95992,26.8094,0,14.9437,5.77884,33.724,0,0,23.1081,19.332,10.5162,81.1625,8.81195,19.0616,51.7768,15.8909,45.7205,0,10.8149,0,86.8808,10.4743,26.0255,23.5621,49.4827,22.5821,2.72322,24.7303,0,0.837046,0,25.6409,10.0868,7.52654,0,14.3325,22.8594,0,22.4523,12.586,0,0,21.3753,0,0,23.1106,0,0,2.87027,0,16.0837,8.48745,33.9867,0,26.1575,26.0232,3.52771,0,5.18771,9.51095,9.32964,0,0,28.5537,0,71.1735,24.1087,10.9892,0.223284,12.5606,29.2512,5.21177,28.04,26.2925,28.6876,4.03169,8.51974,0,11.1545,0,0,0,117.906,8.04952,39.8026,3.61394,19.2121,0,0,0,15.7423,9.81969,16.7096,25.6519,2.98639,15.1739,0,13.1915,14.4405,10.3937,54.7236,14.2952,9.42236,6.82978,14.0644,78.7085,18.0195,0,8.00496,25.0422,29.8371,23.279,2.26024,6.42844,0,4.02924,30.7647,8.08551,34.0447,0,11.472,32.4906,5.09928,49.2805,8.01245,0,26.2278,0,57.0342,0,0.765387,25.3162,34.2588,3.88855,0,0,9.86369,0,10.2458,25.9942,0,17.2594,0,4.24053,2.96818,18.8179,1.83439,0,3.61031,16.3941,27.3402,25.0261,0,10.3734,0,22.8094,3.85939,5.63946,8.10475,12.9547,0,174.909,3.70156,15.5356,23.1841,15.1264,39.5431,6.39661,0,0,0,2.79452,0,0,29.551,21.3945,0,16.7782,27.2287,31.0584,27.0613,13.1547,43.7142,11.5305,0,37.2251,0,12.5803,20.9697,24.3858,15.8175,16.95,49.4258,0,0,0,0,0,0,39.9457,17.2407,54.6791,15.7391,10.9858,1.2955,0,15.2213,0,9.21078,31.1035,0,0,12.7242,23.6568,0,8.26517,0,0,18.0616,0,0,0,19.7731,0,0,0,26.6358,26.62,9.20316,44.0076,90.1636
2058,0,158.163,10.3567,0,0.928666,7.63624,0,0,96.3259,28.8239,0,23.4718,9.44849,43.3534,0.774272,0,0,0,114.086,0,96.3124,16.9989,14.6195,8.39186,0,28.8207,0,0,49.0102,0,11.452,33.7486,12.942,8.89636,36.4681,42.2033,0,28.9754,28.9931,19.3488,27.3699,18.1273,11.3112,0,0,6.17883,3.36504,10.2711,13.029,25.5072,30.8331,146.174,0,19.3255,17.4493,0,8.0392,0,0,22.8343,27.0428,15.5599,25.0672,17.0662,0,23.6759,5.40904,44.6806,21.7606,20.7082,19.8165,0,0,18.3827,26.1944,67.8953,0,8.76044,12.7809,17.0424,21.1164,105.243,15.8633,29.549,0,16.2708,24.9162,0,26.3263,0,0,20.8993,13.7795,65.3265,17.0429,0,19.075,33.4162,32.7718,25.1294,35.3048,17.3478,39.1428,22.4705,12.8666,22.3757,39.3246,18.7491,22.7128,0,16.3173,0,11.7065,89.4685,0,2.38729,14.7949,0,0,29.6367,30.6427,40.3019,9.73028,0.671646,5.40196,27.5539,0,15.3989,5.54034,35.5263,0,0,23.6834,19.9422,11.5544,85.1335,9.94476,19.2017,53.4144,16.3469,47.4022,0,11.2436,0,89.7127,10.531,26.7762,24.3057,51.4439,23.1061,4.14411,26.0838,0,1.58256,0,27.4951,10.5637,9.76027,0,14.884,23.8005,0,23.1875,13.0409,0,0,22.2238,0,0,23.3035,0,0,4.65666,0,16.1841,9.42519,35.097,0,26.5719,26.8928,3.99473,0,5.17974,10.252,9.33662,0,0,29.5472,0,73.7056,25.0331,11.0365,0.66349,12.6933,29.7818,5.50775,28.7975,27.9833,29.3336,4.46477,8.71105,0,11.3916,0,0,0,124.293,10.1534,41.4805,3.60825,19.5147,0,0,0,16.7728,10.7615,17.2671,26.4977,2.60219,15.9896,0,13.5891,14.9658,10.5704,56.3869,14.5667,9.80253,7.07376,14.4398,81.484,18.3265,0,8.38807,25.9962,31.0397,23.7793,2.20624,8.21872,0,4.74979,31.7948,8.77333,34.6701,0,11.9038,33.1303,5.77914,50.8689,8.45796,0,26.7394,0,58.6726,0,0.796023,25.8189,35.1774,4.31674,0,0,9.81677,0,10.5551,26.9048,0,18.1731,0,3.88688,4.04455,19.4773,2.26681,0,4.09579,17.041,28.0917,25.7242,0,12.1199,0,22.9934,3.95443,5.66119,9.22081,13.6433,0,185.29,3.75566,16.3009,23.7621,15.525,40.9867,6.64579,0,0,0,3.92992,0,0,30.1782,21.9606,0,17.172,28.8102,33.058,27.072,13.2805,45.7454,13.815,0,38.1491,0,13.4631,21.5888,25.2705,16.0861,17.4994,51.462,0,0,0,0,0,0,41.7547,17.715,56.9356,15.936,11.2896,1.00012,0,15.5634,0,9.53345,32.0604,0,0,12.9409,24.2252,0,8.8584,0,0,19.1385,0,0,0,19.9946,0,0,0,27.3181,27.2685,10.0098,45.8428,95.8017
2059,0,161.761,10.0219,0,0.329309,7.45393,0,0,97.7231,28.5323,0,25.2873,9.56247,44.6291,0.715931,0,0,0,115.108,0,97.6277,16.1343,14.8298,8.47351,0,29.9356,0,0,49.4572,0,11.5545,33.9579,13.2473,8.87518,36.5594,42.1976,0,29.6995,29.6731,19.5121,27.6608,18.4315,11.5827,0,0,6.30078,2.85542,10.243,13.1828,25.7406,31.4221,149.43,0,19.1055,17.5174,0,8.34244,0,0,24.0005,27.1762,15.2837,25.4299,17.1675,0,24.2396,5.2628,45.5552,21.4948,21.4296,20.0095,0,0,17.6099,26.5686,68.8989,0,8.61732,12.8784,16.3775,21.6271,108.206,16.1721,30.0277,0,16.5397,25.3935,0,27.0139,0,0,21.2723,13.6307,70.3505,17.6622,0,19.3932,31.373,33.1856,25.7444,35.8998,17.5722,40.0668,22.8187,12.9303,22.9282,39.8838,18.4596,23.1603,0,17.0254,0,11.8418,89.4294,0,1.92474,14.9966,0,0,29.9473,31.1461,41.5949,10.1008,0.289888,5.65781,27.7362,0,15.6047,4.56213,36.5131,0,0,23.8726,20.059,12.0186,87.6051,10.6737,18.1061,54.3612,16.5604,48.358,0,11.4678,0,91.3584,10.1092,26.848,24.2404,52.2893,23.0516,4.9567,26.8106,0,1.93215,0,28.5435,10.8619,11.075,0,15.1213,24.3312,0,23.6048,13.2788,0,0,22.6924,0,0,21.3463,0,0,5.28721,0,15.8047,9.91443,35.5724,0,26.5279,27.3893,4.27228,0,4.8674,10.6493,9.00327,0,0,29.9223,0,75.0406,25.4156,10.3266,0.864933,12.3684,29.4173,5.65134,29.0372,29.1039,29.4791,4.71907,8.77569,0,11.3959,0,0,0,127.051,11.0522,42.5188,3.49648,19.3757,0,0,0,17.428,11.313,17.5773,26.9599,1.6519,16.4753,0,13.7396,15.243,10.3429,57.174,14.4755,10.0334,7.15286,14.4052,82.9183,18.0822,0,8.62066,26.3072,31.7562,23.6959,1.98023,9.31901,0,5.1459,32.309,9.1376,34.8402,0,12.1497,33.0922,6.17142,51.7614,8.41642,0,26.9439,0,59.1324,0,0.80008,26.0067,35.4402,4.59902,0,0,9.27995,0,10.7047,27.4137,0,18.7265,0,2.71152,4.49559,19.8428,2.46741,0,4.36713,17.3837,28.447,25.7998,0,12.9821,0,22.3698,3.9671,5.48232,9.8137,13.9807,0,191.701,3.54106,16.626,23.8687,15.4809,41.78,6.70894,0,0,0,4.35823,0,0,30.3541,22.1181,0,17.2671,29.6416,34.0821,25.5052,12.7946,47.018,14.9187,0,38.353,0,13.9656,21.8656,25.7445,15.6967,17.7986,52.6565,0,0,0,0,0,0,42.8908,17.9151,58.3299,15.8593,11.3753,0.349447,0,15.5364,0,9.53475,32.4453,0,0,12.7449,24.4876,0,9.17501,0,0,19.798,0,0,0,19.5715,0,0,0,27.6773,27.1953,10.5247,46.9442,99.2809
2060,0,163.005,9.36817,0,0,6.91841,0,0,97.5046,27.2494,0,25.6157,9.55033,45.2369,0.606584,0,0,0,113.872,0,96.3121,14.3279,14.8279,8.46402,0,30.4626,0,0,49.4516,0,11.4811,33.7061,13.3169,8.69174,36.2541,41.277,0,29.9865,29.9519,19.3443,27.3681,18.4829,11.6808,0,0,6.28949,2.02344,9.9144,13.0518,25.5935,31.6035,149.89,0,18.429,17.324,0,8.44787,0,0,24.2199,26.8498,14.5537,25.52,16.9499,0,24.44,4.88113,45.8495,20.5748,21.5707,19.8981,0,0,16.0411,26.5356,68.4477,0,8.16414,12.8236,14.9325,21.7851,109.348,16.2348,30.1494,0,16.5603,25.5492,0,27.2646,0,0,21.3903,13.1691,71.4196,17.9531,0,19.4444,26.8945,33.1605,25.9702,35.9199,17.5216,40.384,22.7748,12.7767,23.1277,39.8096,17.6222,23.2926,0,17.217,0,11.7986,84.8567,0,1.15883,15.0148,0,0,29.8643,30.8835,42.2199,10.2481,0,5.7455,27.4081,0,15.584,2.90664,36.7581,0,0,23.7124,19.727,11.9547,88.727,11.0301,15.8823,54.6819,16.5558,48.6626,0,11.5049,0,91.9291,9.25114,26.3011,23.4383,52.1208,22.4709,5.19685,26.9719,0,1.90414,0,28.8591,10.9982,11.5364,0,15.0728,24.4894,0,23.7351,13.321,0,0,22.8158,0,0,17.427,0,0,4.837,0,14.9855,9.99566,35.4711,0,26.0657,27.5535,4.37626,0,4.27707,10.7328,8.36072,0,0,29.7354,0,75.2923,25.3063,8.92514,0.84986,11.6256,28.2378,5.65624,28.8069,29.7053,29.1706,4.80842,8.72761,0,11.1891,0,0,0,126.525,10.8315,42.9765,3.28746,18.8346,0,0,0,17.7409,11.5106,17.6629,27.0736,0.181201,16.6619,0,13.666,15.2952,9.74628,57.1677,14.0542,10.1311,7.08241,13.9971,83.1369,17.3366,0,8.71841,26.0331,32.0364,23.082,1.59588,9.77543,0,5.24225,32.3553,9.20655,34.5967,0,12.2275,32.4384,6.30184,52.0271,7.93032,0,26.8733,0,58.5213,0,0.780672,25.91,35.1066,4.74937,0,0,8.29597,0,10.7099,27.5585,0,18.9523,0,0.782471,4.36181,19.9449,2.45287,0,4.44162,17.4504,28.4443,25.3085,0,13.0282,0,21.0086,3.90504,5.12028,9.92747,13.9984,0,194.532,3.08127,16.5503,23.5451,15.0337,41.9868,6.60283,0,0,0,4.12876,0,0,30.1207,21.9051,0,17.0906,29.7952,34.2092,22.4955,11.7496,47.6021,14.9383,0,37.9019,0,14.1231,21.832,25.8467,14.707,17.8714,53.1014,0,0,0,0,0,0,43.4154,17.8676,58.941,15.5334,11.2636,0,0,15.1735,0,9.24338,32.311,0,0,12.1727,24.4731,0,9.24534,0,0,20.0785,0,0,0,18.559,0,0,0,27.746,26.4652,10.7733,47.3905,100.804
